behavior,gun_calibre_mm,front_plate_los_rha_mm,air_gap_mm,retention_fraction
HEAT,100,5,0.0,1.0
HEAT,100,5,1.0,1.0
HEAT,100,5,2.0,1.0
HEAT,100,5,3.0,1.0
HEAT,100,5,4.0,1.0
HEAT,100,5,5.0,1.0
HEAT,100,5,6.0,1.0
HEAT,100,5,7.0,1.0
HEAT,100,5,8.0,1.0
HEAT,100,5,9.0,1.0
HEAT,100,5,10.0,1.0
HEAT,100,5,11.0,0.9988525681609791
HEAT,100,5,12.0,0.997706685262929
HEAT,100,5,13.0,0.9965623492149037
HEAT,100,5,14.0,0.9954195579287796
HEAT,100,5,15.0,0.994278309319252
HEAT,100,5,16.0,0.9931386013038311
HEAT,100,5,17.0,0.9920004318028388
HEAT,100,5,18.0,0.9908637987394037
HEAT,100,5,19.0,0.9897287000394581
HEAT,100,5,20.0,0.9885951336317347
HEAT,100,5,21.0,0.9874630974477617
HEAT,100,5,22.0,0.9863325894218598
HEAT,100,5,23.0,0.9852036074911381
HEAT,100,5,24.0,0.9840761495954906
HEAT,100,5,25.0,0.982950213677592
HEAT,100,5,26.0,0.9818257976828945
HEAT,100,5,27.0,0.9807028995596235
HEAT,100,5,28.0,0.9795815172587744
HEAT,100,5,29.0,0.9784616487341086
HEAT,100,5,30.0,0.9773432919421494
HEAT,100,5,31.0,0.9762264448421791
HEAT,100,5,32.0,0.9751111053962345
HEAT,100,5,33.0,0.9739972715691035
HEAT,100,5,34.0,0.9728849413283214
HEAT,100,5,35.0,0.9717741126441674
HEAT,100,5,36.0,0.9706647834896602
HEAT,100,5,37.0,0.9695569518405552
HEAT,100,5,38.0,0.9684506156753402
HEAT,100,5,39.0,0.9673457729752318
HEAT,100,5,40.0,0.966242421724172
HEAT,100,5,41.0,0.9651405599088239
HEAT,100,5,42.0,0.964040185518569
HEAT,100,5,43.0,0.9629412965455025
HEAT,100,5,44.0,0.9618438909844305
HEAT,100,5,45.0,0.9607479668328656
HEAT,100,5,46.0,0.9596535220910238
HEAT,100,5,47.0,0.9585605547618207
HEAT,100,5,48.0,0.9574690628508676
HEAT,100,5,49.0,0.9563790443664684
HEAT,100,5,50.0,0.9552904973196149
HEAT,100,5,51.0,0.954203419723985
HEAT,100,5,52.0,0.9531178095959371
HEAT,100,5,53.0,0.9520336649545075
HEAT,100,5,54.0,0.950950983821407
HEAT,100,5,55.0,0.9498697642210167
HEAT,100,5,56.0,0.9487900041803845
HEAT,100,5,57.0,0.9477117017292219
HEAT,100,5,58.0,0.9466348548999
HEAT,100,5,59.0,0.9455594617274459
HEAT,100,5,60.0,0.9444855202495396
HEAT,100,5,61.0,0.9434130285065097
HEAT,100,5,62.0,0.9423419845413304
HEAT,100,5,63.0,0.9412723863996179
HEAT,100,5,64.0,0.9402042321296261
HEAT,100,5,65.0,0.9391375197822442
HEAT,100,5,66.0,0.9380722474109924
HEAT,100,5,67.0,0.9370084130720181
HEAT,100,5,68.0,0.9359460148240931
HEAT,100,5,69.0,0.93488505072861
HEAT,100,5,70.0,0.9338255188495777
HEAT,100,5,71.0,0.9327674172536187
HEAT,100,5,72.0,0.9317107440099657
HEAT,100,5,73.0,0.9306554971904578
HEAT,100,5,74.0,0.9296016748695366
HEAT,100,5,75.0,0.9285492751242433
HEAT,100,5,76.0,0.9274982960342149
HEAT,100,5,77.0,0.9264487356816805
HEAT,100,5,78.0,0.9254005921514585
HEAT,100,5,79.0,0.9243538635309524
HEAT,100,5,80.0,0.9233085479101475
HEAT,100,5,81.0,0.9222646433816073
HEAT,100,5,82.0,0.9212221480404706
HEAT,100,5,83.0,0.9201810599844474
HEAT,100,5,84.0,0.9191413773138156
HEAT,100,5,85.0,0.9181030981314177
HEAT,100,5,86.0,0.9170662205426571
HEAT,100,5,87.0,0.9160307426554946
HEAT,100,5,88.0,0.9149966625804455
HEAT,100,5,89.0,0.9139639784305754
HEAT,100,5,90.0,0.9129326883214974
HEAT,100,5,91.0,0.9119027903713681
HEAT,100,5,92.0,0.9108742827008847
HEAT,100,5,93.0,0.9098471634332809
HEAT,100,5,94.0,0.9088214306943244
HEAT,100,5,95.0,0.9077970826123125
HEAT,100,5,96.0,0.9067741173180696
HEAT,100,5,97.0,0.905752532944943
HEAT,100,5,98.0,0.9047323276287996
HEAT,100,5,99.0,0.9037134995080237
HEAT,100,5,100.0,0.9026960467235114
HEAT,100,5,101.0,0.9016799674186694
HEAT,100,5,102.0,0.9006652597394101
HEAT,100,5,103.0,0.8996519218341491
HEAT,100,5,104.0,0.8986399518538013
HEAT,100,5,105.0,0.8976293479517776
HEAT,100,5,106.0,0.8966201082839819
HEAT,100,5,107.0,0.8956122310088075
HEAT,100,5,108.0,0.8946057142871335
HEAT,100,5,109.0,0.8936005562823218
HEAT,100,5,110.0,0.8925967551602136
HEAT,100,5,111.0,0.891594309089126
HEAT,100,5,112.0,0.8905932162398489
HEAT,100,5,113.0,0.8895934747856412
HEAT,100,5,114.0,0.8885950829022282
HEAT,100,5,115.0,0.8875980387677972
HEAT,100,5,116.0,0.8866023405629954
HEAT,100,5,117.0,0.8856079864709256
HEAT,100,5,118.0,0.8846149746771436
HEAT,100,5,119.0,0.8836233033696541
HEAT,100,5,120.0,0.8826329707389081
HEAT,100,5,121.0,0.8816439749777996
HEAT,100,5,122.0,0.8806563142816615
HEAT,100,5,123.0,0.8796699868482635
HEAT,100,5,124.0,0.8786849908778073
HEAT,100,5,125.0,0.8777013245729252
HEAT,100,5,126.0,0.8767189861386749
HEAT,100,5,127.0,0.8757379737825379
HEAT,100,5,128.0,0.8747582857144148
HEAT,100,5,129.0,0.8737799201466232
HEAT,100,5,130.0,0.8728028752938934
HEAT,100,5,131.0,0.8718271493733664
HEAT,100,5,132.0,0.8708527406045891
HEAT,100,5,133.0,0.8698796472095124
HEAT,100,5,134.0,0.8689078674124873
HEAT,100,5,135.0,0.8679373994402618
HEAT,100,5,136.0,0.8669682415219775
HEAT,100,5,137.0,0.8660003918891668
HEAT,100,5,138.0,0.8650338487757491
HEAT,100,5,139.0,0.864068610418028
HEAT,100,5,140.0,0.8631046750546879
HEAT,100,5,141.0,0.862142040926791
HEAT,100,5,142.0,0.8611807062777737
HEAT,100,5,143.0,0.8602206693534437
HEAT,100,5,144.0,0.8592619284019768
HEAT,100,5,145.0,0.8583044816739135
HEAT,100,5,146.0,0.8573483274221559
HEAT,100,5,147.0,0.856393463901965
HEAT,100,5,148.0,0.8554398893709564
HEAT,100,5,149.0,0.854487602089098
HEAT,100,5,150.0,0.8535366003187068
HEAT,100,5,151.0,0.8525868823244453
HEAT,100,5,152.0,0.8516384463733189
HEAT,100,5,153.0,0.850691290734672
HEAT,100,5,154.0,0.8497454136801854
HEAT,100,5,155.0,0.848800813483873
HEAT,100,5,156.0,0.8478574884220789
HEAT,100,5,157.0,0.8469154367734734
HEAT,100,5,158.0,0.8459746568190509
HEAT,100,5,159.0,0.8450351468421264
HEAT,100,5,160.0,0.844096905128332
HEAT,100,5,161.0,0.8431599299656143
HEAT,100,5,162.0,0.8422242196442308
HEAT,100,5,163.0,0.841289772456747
HEAT,100,5,164.0,0.8403565866980336
HEAT,100,5,165.0,0.8394246606652629
HEAT,100,5,166.0,0.8384939926579058
HEAT,100,5,167.0,0.837564580977729
HEAT,100,5,168.0,0.8366364239287915
HEAT,100,5,169.0,0.8357095198174417
HEAT,100,5,170.0,0.8347838669523143
HEAT,100,5,171.0,0.8338594636443274
HEAT,100,5,172.0,0.8329363082066787
HEAT,100,5,173.0,0.8320143989548437
HEAT,100,5,174.0,0.8310937342065715
HEAT,100,5,175.0,0.8301743122818818
HEAT,100,5,176.0,0.8292561315030624
HEAT,100,5,177.0,0.8283391901946664
HEAT,100,5,178.0,0.8274234866835074
HEAT,100,5,179.0,0.8265090192986589
HEAT,100,5,180.0,0.8255957863714495
HEAT,100,5,181.0,0.8246837862354601
HEAT,100,5,182.0,0.8237730172265215
HEAT,100,5,183.0,0.8228634776827112
HEAT,100,5,184.0,0.8219551659443495
HEAT,100,5,185.0,0.8210480803539975
HEAT,100,5,186.0,0.8201422192564539
HEAT,100,5,187.0,0.8192375809987517
HEAT,100,5,188.0,0.8183341639301548
HEAT,100,5,189.0,0.8174319664021562
HEAT,100,5,190.0,0.8165309867684737
HEAT,100,5,191.0,0.8156312233850476
HEAT,100,5,192.0,0.8147326746100376
HEAT,100,5,193.0,0.8138353388038199
HEAT,100,5,194.0,0.8129392143289838
HEAT,100,5,195.0,0.812044299550329
HEAT,100,5,196.0,0.8111505928348627
HEAT,100,5,197.0,0.8102580925517965
HEAT,100,5,198.0,0.8093667970725434
HEAT,100,5,199.0,0.8084767047707149
HEAT,100,5,200.0,0.8075878140221179
HEAT,100,5,201.0,0.8067001232047518
HEAT,100,5,202.0,0.8058136306988058
HEAT,100,5,203.0,0.8049283348866556
HEAT,100,5,204.0,0.8040442341528604
HEAT,100,5,205.0,0.8031613268841604
HEAT,100,5,206.0,0.8022796114694732
HEAT,100,5,207.0,0.8013990862998919
HEAT,100,5,208.0,0.8005197497686805
HEAT,100,5,209.0,0.7996416002712728
HEAT,100,5,210.0,0.7987646362052685
HEAT,100,5,211.0,0.79788885597043
HEAT,100,5,212.0,0.7970142579686802
HEAT,100,5,213.0,0.7961408406040994
HEAT,100,5,214.0,0.7952686022829218
HEAT,100,5,215.0,0.7943975414135337
HEAT,100,5,216.0,0.7935276564064694
HEAT,100,5,217.0,0.792658945674409
HEAT,100,5,218.0,0.7917914076321756
HEAT,100,5,219.0,0.7909250406967319
HEAT,100,5,220.0,0.7900598432871775
HEAT,100,5,221.0,0.7891958138247465
HEAT,100,5,222.0,0.7883329507328036
HEAT,100,5,223.0,0.7874712524368426
HEAT,100,5,224.0,0.7866107173644818
HEAT,100,5,225.0,0.7857513439454631
HEAT,100,5,226.0,0.7848931306116474
HEAT,100,5,227.0,0.7840360757970127
HEAT,100,5,228.0,0.7831801779376512
HEAT,100,5,229.0,0.7823254354717657
HEAT,100,5,230.0,0.781471846839668
HEAT,100,5,231.0,0.7806194104837748
HEAT,100,5,232.0,0.7797681248486058
HEAT,100,5,233.0,0.7789179883807803
HEAT,100,5,234.0,0.7780689995290143
HEAT,100,5,235.0,0.7772211567441183
HEAT,100,5,236.0,0.7763744584789939
HEAT,100,5,237.0,0.7755289031886312
HEAT,100,5,238.0,0.774684489330106
HEAT,100,5,239.0,0.7738412153625768
HEAT,100,5,240.0,0.772999079747282
HEAT,100,5,241.0,0.7721580809475377
HEAT,100,5,242.0,0.7713182174287336
HEAT,100,5,243.0,0.7704794876583321
HEAT,100,5,244.0,0.7696418901058631
HEAT,100,5,245.0,0.7688054232429237
HEAT,100,5,246.0,0.7679700855431734
HEAT,100,5,247.0,0.7671358754823325
HEAT,100,5,248.0,0.766302791538179
HEAT,100,5,249.0,0.7654708321905457
HEAT,100,5,250.0,0.7646399959213174
HEAT,100,5,251.0,0.7638102812144283
HEAT,100,5,252.0,0.7629816865558591
HEAT,100,5,253.0,0.7621542104336344
HEAT,100,5,254.0,0.76132785133782
HEAT,100,5,255.0,0.7605026077605197
HEAT,100,5,256.0,0.759678478195873
HEAT,100,5,257.0,0.7588554611400521
HEAT,100,5,258.0,0.7580335550912594
HEAT,100,5,259.0,0.7572127585497244
HEAT,100,5,260.0,0.7563930700177012
HEAT,100,5,261.0,0.7555744879994659
HEAT,100,5,262.0,0.7547570110013138
HEAT,100,5,263.0,0.7539406375315562
HEAT,100,5,264.0,0.7531253661005182
HEAT,100,5,265.0,0.7523111952205359
HEAT,100,5,266.0,0.7514981234059539
HEAT,100,5,267.0,0.7506861491731218
HEAT,100,5,268.0,0.7498752710403922
HEAT,100,5,269.0,0.7490654875281181
HEAT,100,5,270.0,0.7482567971586495
HEAT,100,5,271.0,0.7474491984563312
HEAT,100,5,272.0,0.7466426899475003
HEAT,100,5,273.0,0.7458372701604827
HEAT,100,5,274.0,0.7450329376255918
HEAT,100,5,275.0,0.7442296908751237
HEAT,100,5,276.0,0.7434275284433571
HEAT,100,5,277.0,0.7426264488665484
HEAT,100,5,278.0,0.7418264506829304
HEAT,100,5,279.0,0.7410275324327088
HEAT,100,5,280.0,0.7402296926580603
HEAT,100,5,281.0,0.7394329299031293
HEAT,100,5,282.0,0.7386372427140254
HEAT,100,5,283.0,0.7378426296388213
HEAT,100,5,284.0,0.7370490892275491
HEAT,100,5,285.0,0.7362566200321986
HEAT,100,5,286.0,0.7354652206067143
HEAT,100,5,287.0,0.7346748895069924
HEAT,100,5,288.0,0.7338856252908792
HEAT,100,5,289.0,0.7330974265181669
HEAT,100,5,290.0,0.7323102917505927
HEAT,100,5,291.0,0.7315242195518348
HEAT,100,5,292.0,0.7307392084875106
HEAT,100,5,293.0,0.7299552571251737
HEAT,100,5,294.0,0.7291723640343115
HEAT,100,5,295.0,0.7283905277863421
HEAT,100,5,296.0,0.7276097469546126
HEAT,100,5,297.0,0.7268300201143953
HEAT,100,5,298.0,0.7260513458428868
HEAT,100,5,299.0,0.7252737227192032
HEAT,100,5,300.0,0.7244971493243796
HEAT,100,5,301.0,0.7237216242413661
HEAT,100,5,302.0,0.7229471460550256
HEAT,100,5,303.0,0.722173713352132
HEAT,100,5,304.0,0.721401324721366
HEAT,100,5,305.0,0.7206299787533142
HEAT,100,5,306.0,0.7198596740404656
HEAT,100,5,307.0,0.7190904091772089
HEAT,100,5,308.0,0.718322182759831
HEAT,100,5,309.0,0.7175549933865127
HEAT,100,5,310.0,0.7167888396573281
HEAT,100,5,311.0,0.7160237201742404
HEAT,100,5,312.0,0.7152596335411003
HEAT,100,5,313.0,0.7144965783636434
HEAT,100,5,314.0,0.7137345532494873
HEAT,100,5,315.0,0.7129735568081288
HEAT,100,5,316.0,0.7122135876509423
HEAT,100,5,317.0,0.7114546443911767
HEAT,100,5,318.0,0.7106967256439525
HEAT,100,5,319.0,0.7099398300262599
HEAT,100,5,320.0,0.7091839561569563
HEAT,100,5,321.0,0.7084291026567632
HEAT,100,5,322.0,0.7076752681482641
HEAT,100,5,323.0,0.7069224512559019
HEAT,100,5,324.0,0.7061706506059765
HEAT,100,5,325.0,0.7054198648266421
HEAT,100,5,326.0,0.7046700925479048
HEAT,100,5,327.0,0.7039213324016198
HEAT,100,5,328.0,0.7031735830214899
HEAT,100,5,329.0,0.7024268430430616
HEAT,100,5,330.0,0.7016811111037233
HEAT,100,5,331.0,0.7009363858427036
HEAT,100,5,332.0,0.7001926659010671
HEAT,100,5,333.0,0.6994499499217134
HEAT,100,5,334.0,0.6987082365493739
HEAT,100,5,335.0,0.6979675244306094
HEAT,100,5,336.0,0.697227812213808
HEAT,100,5,337.0,0.6964890985491823
HEAT,100,5,338.0,0.6957513820887669
HEAT,100,5,339.0,0.6950146614864159
HEAT,100,5,340.0,0.694278935397801
HEAT,100,5,341.0,0.6935442024804082
HEAT,100,5,342.0,0.6928104613935361
HEAT,100,5,343.0,0.692077710798293
HEAT,100,5,344.0,0.6913459493575949
HEAT,100,5,345.0,0.690615175736162
HEAT,100,5,346.0,0.6898853886005178
HEAT,100,5,347.0,0.6891565866189856
HEAT,100,5,348.0,0.6884287684616863
HEAT,100,5,349.0,0.6877019328005359
HEAT,100,5,350.0,0.6869760783092437
HEAT,100,5,351.0,0.6862512036633089
HEAT,100,5,352.0,0.6855273075400189
HEAT,100,5,353.0,0.6848043886184465
HEAT,100,5,354.0,0.6840824455794478
HEAT,100,5,355.0,0.6833614771056595
HEAT,100,5,356.0,0.6826414818814969
HEAT,100,5,357.0,0.6819224585931508
HEAT,100,5,358.0,0.681204405928586
HEAT,100,5,359.0,0.6804873225775383
HEAT,100,5,360.0,0.6797712072315119
HEAT,100,5,361.0,0.6790560585837778
HEAT,100,5,362.0,0.6783418753293708
HEAT,100,5,363.0,0.6776286561650874
HEAT,100,5,364.0,0.6769163997894831
HEAT,100,5,365.0,0.6762051049028706
HEAT,100,5,366.0,0.6754947702073165
HEAT,100,5,367.0,0.6747853944066403
HEAT,100,5,368.0,0.6740769762064105
HEAT,100,5,369.0,0.6733695143139434
HEAT,100,5,370.0,0.6726630074383001
HEAT,100,5,371.0,0.6719574542902848
HEAT,100,5,372.0,0.6712528535824412
HEAT,100,5,373.0,0.6705492040290519
HEAT,100,5,374.0,0.6698465043461342
HEAT,100,5,375.0,0.6691447532514396
HEAT,100,5,376.0,0.6684439494644498
HEAT,100,5,377.0,0.6677440917063754
HEAT,100,5,378.0,0.6670451787001532
HEAT,100,5,379.0,0.6663472091704441
HEAT,100,5,380.0,0.6656501818436302
HEAT,100,5,381.0,0.6649540954478135
HEAT,100,5,382.0,0.6642589487128122
HEAT,100,5,383.0,0.6635647403701599
HEAT,100,5,384.0,0.6628714691531019
HEAT,100,5,385.0,0.6621791337965941
HEAT,100,5,386.0,0.6614877330372996
HEAT,100,5,387.0,0.6607972656135871
HEAT,100,5,388.0,0.6601077302655284
HEAT,100,5,389.0,0.6594191257348962
HEAT,100,5,390.0,0.6587314507651617
HEAT,100,5,391.0,0.658044704101492
HEAT,100,5,392.0,0.6573588844907484
HEAT,100,5,393.0,0.6566739906814839
HEAT,100,5,394.0,0.6559900214239408
HEAT,100,5,395.0,0.6553069754700481
HEAT,100,5,396.0,0.6546248515734203
HEAT,100,5,397.0,0.6539436484893538
HEAT,100,5,398.0,0.6532633649748255
HEAT,100,5,399.0,0.6525839997884904
HEAT,100,5,400.0,0.6519055516906789
HEAT,100,5,401.0,0.651228019443395
HEAT,100,5,402.0,0.6505514018103142
HEAT,100,5,403.0,0.6498756975567803
HEAT,100,5,404.0,0.6492009054498047
HEAT,100,5,405.0,0.6485270242580621
HEAT,100,5,406.0,0.6478540527518902
HEAT,100,5,407.0,0.6471819897032867
HEAT,100,5,408.0,0.6465108338859061
HEAT,100,5,409.0,0.6458405840750597
HEAT,100,5,410.0,0.645171239047711
HEAT,100,5,411.0,0.6445027975824746
HEAT,100,5,412.0,0.6438352584596148
HEAT,100,5,413.0,0.643168620461041
HEAT,100,5,414.0,0.6425028823703081
HEAT,100,5,415.0,0.6418380429726125
HEAT,100,5,416.0,0.6411741010547907
HEAT,100,5,417.0,0.6405110554053168
HEAT,100,5,418.0,0.6398489048143007
HEAT,100,5,419.0,0.6391876480734848
HEAT,100,5,420.0,0.6385272839762434
HEAT,100,5,421.0,0.6378678113175789
HEAT,100,5,422.0,0.6372092288941211
HEAT,100,5,423.0,0.6365515355041235
HEAT,100,5,424.0,0.6358947299474623
HEAT,100,5,425.0,0.6352388110256338
HEAT,100,5,426.0,0.6345837775417522
HEAT,100,5,427.0,0.633929628300547
HEAT,100,5,428.0,0.6332763621083616
HEAT,100,5,429.0,0.6326239777731506
HEAT,100,5,430.0,0.631972474104478
HEAT,100,5,431.0,0.6313218499135143
HEAT,100,5,432.0,0.6306721040130351
HEAT,100,5,433.0,0.6300232352174189
HEAT,100,5,434.0,0.6293752423426445
HEAT,100,5,435.0,0.6287281242062889
HEAT,100,5,436.0,0.6280818796275253
HEAT,100,5,437.0,0.6274365074271211
HEAT,100,5,438.0,0.6267920064274354
HEAT,100,5,439.0,0.6261483754524172
HEAT,100,5,440.0,0.6255056133276029
HEAT,100,5,441.0,0.6248637188801144
HEAT,100,5,442.0,0.6242226909386568
HEAT,100,5,443.0,0.6235825283335166
HEAT,100,5,444.0,0.622943229896559
HEAT,100,5,445.0,0.6223047944612264
HEAT,100,5,446.0,0.6216672208625359
HEAT,100,5,447.0,0.6210305079370769
HEAT,100,5,448.0,0.6203946545230096
HEAT,100,5,449.0,0.6197596594600626
HEAT,100,5,450.0,0.6191255215895307
HEAT,100,5,451.0,0.6184922397542729
HEAT,100,5,452.0,0.6178598127987103
HEAT,100,5,453.0,0.6172282395688237
HEAT,100,5,454.0,0.616597518912152
HEAT,100,5,455.0,0.6159676496777896
HEAT,100,5,456.0,0.615338630716385
HEAT,100,5,457.0,0.6147104608801374
HEAT,100,5,458.0,0.6140831390227963
HEAT,100,5,459.0,0.6134566639996581
HEAT,100,5,460.0,0.6128310346675644
HEAT,100,5,461.0,0.6122062498849002
HEAT,100,5,462.0,0.6115823085115916
HEAT,100,5,463.0,0.6109592094091034
HEAT,100,5,464.0,0.6103369514404375
HEAT,100,5,465.0,0.609715533470131
HEAT,100,5,466.0,0.6090949543642533
HEAT,100,5,467.0,0.6084752129904046
HEAT,100,5,468.0,0.607856308217714
HEAT,100,5,469.0,0.6072382389168367
HEAT,100,5,470.0,0.6066210039599532
HEAT,100,5,471.0,0.6060046022207658
HEAT,100,5,472.0,0.6053890325744974
HEAT,100,5,473.0,0.6047742938978892
HEAT,100,5,474.0,0.604160385069199
HEAT,100,5,475.0,0.6035473049681985
HEAT,100,5,476.0,0.602935052476172
HEAT,100,5,477.0,0.6023236264759134
HEAT,100,5,478.0,0.6017130258517253
HEAT,100,5,479.0,0.6011032494894162
HEAT,100,5,480.0,0.6004942962762987
HEAT,100,5,481.0,0.5998861651011873
HEAT,100,5,482.0,0.5992788548543965
HEAT,100,5,483.0,0.5986723644277391
HEAT,100,5,484.0,0.5980666927145236
HEAT,100,5,485.0,0.5974618386095526
HEAT,100,5,486.0,0.5968578010091202
HEAT,100,5,487.0,0.5962545788110111
HEAT,100,5,488.0,0.5956521709144974
HEAT,100,5,489.0,0.5950505762203374
HEAT,100,5,490.0,0.5944497936307729
HEAT,100,5,491.0,0.593849822049528
HEAT,100,5,492.0,0.5932506603818063
HEAT,100,5,493.0,0.5926523075342898
HEAT,100,5,494.0,0.5920547624151357
HEAT,100,5,495.0,0.5914580239339758
HEAT,100,5,496.0,0.5908620910019132
HEAT,100,5,497.0,0.5902669625315217
HEAT,100,5,498.0,0.589672637436842
HEAT,100,5,499.0,0.5890791146333817
HEAT,100,5,500.0,0.5884863930381117
HEAT,100,10,0.0,1.0
HEAT,100,10,1.0,1.0
HEAT,100,10,2.0,1.0
HEAT,100,10,3.0,1.0
HEAT,100,10,4.0,1.0
HEAT,100,10,5.0,1.0
HEAT,100,10,6.0,1.0
HEAT,100,10,7.0,1.0
HEAT,100,10,8.0,1.0
HEAT,100,10,9.0,1.0
HEAT,100,10,10.0,1.0
HEAT,100,10,11.0,0.9985219381924936
HEAT,100,10,12.0,0.9970464465811129
HEAT,100,10,13.0,0.9955735206965534
HEAT,100,10,14.0,0.9941031560772825
HEAT,100,10,15.0,0.9926353482695254
HEAT,100,10,16.0,0.9911700928272524
HEAT,100,10,17.0,0.9897073853121647
HEAT,100,10,18.0,0.9882472212936813
HEAT,100,10,19.0,0.9867895963489253
HEAT,100,10,20.0,0.9853345060627111
HEAT,100,10,21.0,0.9838819460275305
HEAT,100,10,22.0,0.9824319118435394
HEAT,100,10,23.0,0.9809843991185447
HEAT,100,10,24.0,0.979539403467991
HEAT,100,10,25.0,0.9780969205149467
HEAT,100,10,26.0,0.9766569458900916
HEAT,100,10,27.0,0.9752194752317033
HEAT,100,10,28.0,0.9737845041856439
HEAT,100,10,29.0,0.972352028405347
HEAT,100,10,30.0,0.9709220435518042
HEAT,100,10,31.0,0.9694945452935524
HEAT,100,10,32.0,0.9680695293066603
HEAT,100,10,33.0,0.9666469912747158
HEAT,100,10,34.0,0.965226926888812
HEAT,100,10,35.0,0.9638093318475354
HEAT,100,10,36.0,0.9623942018569516
HEAT,100,10,37.0,0.9609815326305936
HEAT,100,10,38.0,0.9595713198894473
HEAT,100,10,39.0,0.9581635593619401
HEAT,100,10,40.0,0.9567582467839267
HEAT,100,10,41.0,0.9553553778986772
HEAT,100,10,42.0,0.9539549484568632
HEAT,100,10,43.0,0.9525569542165457
HEAT,100,10,44.0,0.951161390943162
HEAT,100,10,45.0,0.9497682544095128
HEAT,100,10,46.0,0.9483775403957496
HEAT,100,10,47.0,0.9469892446893615
HEAT,100,10,48.0,0.945603363085163
HEAT,100,10,49.0,0.944219891385281
HEAT,100,10,50.0,0.9428388253991414
HEAT,100,10,51.0,0.9414601609434584
HEAT,100,10,52.0,0.940083893842219
HEAT,100,10,53.0,0.938710019926673
HEAT,100,10,54.0,0.9373385350353186
HEAT,100,10,55.0,0.9359694350138906
HEAT,100,10,56.0,0.9346027157153479
HEAT,100,10,57.0,0.93323837299986
HEAT,100,10,58.0,0.9318764027347959
HEAT,100,10,59.0,0.9305168007947101
HEAT,100,10,60.0,0.9291595630613316
HEAT,100,10,61.0,0.9278046854235501
HEAT,100,10,62.0,0.9264521637774041
HEAT,100,10,63.0,0.9251019940260687
HEAT,100,10,64.0,0.9237541720798429
HEAT,100,10,65.0,0.9224086938561371
HEAT,100,10,66.0,0.921065555279461
HEAT,100,10,67.0,0.9197247522814113
HEAT,100,10,68.0,0.9183862808006589
HEAT,100,10,69.0,0.9170501367829373
HEAT,100,10,70.0,0.9157163161810298
HEAT,100,10,71.0,0.9143848149547572
HEAT,100,10,72.0,0.913055629070966
HEAT,100,10,73.0,0.9117287545035161
HEAT,100,10,74.0,0.9104041872332677
HEAT,100,10,75.0,0.9090819232480707
HEAT,100,10,76.0,0.9077619585427513
HEAT,100,10,77.0,0.9064442891191004
HEAT,100,10,78.0,0.9051289109858612
HEAT,100,10,79.0,0.9038158201587176
HEAT,100,10,80.0,0.9025050126602815
HEAT,100,10,81.0,0.9011964845200812
HEAT,100,10,82.0,0.8998902317745491
HEAT,100,10,83.0,0.8985862504670102
HEAT,100,10,84.0,0.8972845366476694
HEAT,100,10,85.0,0.8959850863736
HEAT,100,10,86.0,0.8946878957087315
HEAT,100,10,87.0,0.8933929607238381
HEAT,100,10,88.0,0.8921002774965263
HEAT,100,10,89.0,0.8908098421112234
HEAT,100,10,90.0,0.8895216506591652
HEAT,100,10,91.0,0.8882356992383846
HEAT,100,10,92.0,0.8869519839536999
HEAT,100,10,93.0,0.8856705009167023
HEAT,100,10,94.0,0.8843912462457445
HEAT,100,10,95.0,0.8831142160659294
HEAT,100,10,96.0,0.8818394065090976
HEAT,100,10,97.0,0.8805668137138161
HEAT,100,10,98.0,0.8792964338253666
HEAT,100,10,99.0,0.8780282629957338
HEAT,100,10,100.0,0.8767622973835935
HEAT,100,10,101.0,0.8754985331543015
HEAT,100,10,102.0,0.8742369664798811
HEAT,100,10,103.0,0.8729775935390126
HEAT,100,10,104.0,0.871720410517021
HEAT,100,10,105.0,0.8704654136058645
HEAT,100,10,106.0,0.8692125990041232
HEAT,100,10,107.0,0.8679619629169874
HEAT,100,10,108.0,0.8667135015562463
HEAT,100,10,109.0,0.8654672111402762
HEAT,100,10,110.0,0.8642230878940298
HEAT,100,10,111.0,0.8629811280490233
HEAT,100,10,112.0,0.8617413278433268
HEAT,100,10,113.0,0.8605036835215514
HEAT,100,10,114.0,0.8592681913348387
HEAT,100,10,115.0,0.858034847540849
HEAT,100,10,116.0,0.8568036484037506
HEAT,100,10,117.0,0.8555745901942072
HEAT,100,10,118.0,0.8543476691893684
HEAT,100,10,119.0,0.8531228816728567
HEAT,100,10,120.0,0.8519002239347573
HEAT,100,10,121.0,0.8506796922716064
HEAT,100,10,122.0,0.8494612829863806
HEAT,100,10,123.0,0.8482449923884846
HEAT,100,10,124.0,0.847030816793741
HEAT,100,10,125.0,0.8458187525243789
HEAT,100,10,126.0,0.8446087959090224
HEAT,100,10,127.0,0.8434009432826799
HEAT,100,10,128.0,0.8421951909867328
HEAT,100,10,129.0,0.8409915353689245
HEAT,100,10,130.0,0.8397899727833491
HEAT,100,10,131.0,0.838590499590441
HEAT,100,10,132.0,0.8373931121569629
HEAT,100,10,133.0,0.8361978068559957
HEAT,100,10,134.0,0.8350045800669268
HEAT,100,10,135.0,0.8338134281754399
HEAT,100,10,136.0,0.8326243475735032
HEAT,100,10,137.0,0.8314373346593592
HEAT,100,10,138.0,0.8302523858375134
HEAT,100,10,139.0,0.8290694975187235
HEAT,100,10,140.0,0.8278886661199881
HEAT,100,10,141.0,0.826709888064537
HEAT,100,10,142.0,0.8255331597818193
HEAT,100,10,143.0,0.8243584777074926
HEAT,100,10,144.0,0.8231858382834132
HEAT,100,10,145.0,0.8220152379576239
HEAT,100,10,146.0,0.8208466731843445
HEAT,100,10,147.0,0.8196801404239603
HEAT,100,10,148.0,0.8185156361430118
HEAT,100,10,149.0,0.8173531568141839
HEAT,100,10,150.0,0.8161926989162946
HEAT,100,10,151.0,0.8150342589342854
HEAT,100,10,152.0,0.8138778333592099
HEAT,100,10,153.0,0.8127234186882237
HEAT,100,10,154.0,0.8115710114245729
HEAT,100,10,155.0,0.8104206080775846
HEAT,100,10,156.0,0.8092722051626557
HEAT,100,10,157.0,0.8081257992012423
HEAT,100,10,158.0,0.8069813867208493
HEAT,100,10,159.0,0.8058389642550203
HEAT,100,10,160.0,0.8046985283433263
HEAT,100,10,161.0,0.8035600755313557
HEAT,100,10,162.0,0.8024236023707042
HEAT,100,10,163.0,0.8012891054189631
HEAT,100,10,164.0,0.8001565812397103
HEAT,100,10,165.0,0.7990260264024994
HEAT,100,10,166.0,0.7978974374828487
HEAT,100,10,167.0,0.7967708110622314
HEAT,100,10,168.0,0.7956461437280654
HEAT,100,10,169.0,0.7945234320737028
HEAT,100,10,170.0,0.7934026726984191
HEAT,100,10,171.0,0.7922838622074039
HEAT,100,10,172.0,0.7911669972117492
HEAT,100,10,173.0,0.7900520743284406
HEAT,100,10,174.0,0.7889390901803464
HEAT,100,10,175.0,0.787828041396207
HEAT,100,10,176.0,0.7867189246106254
HEAT,100,10,177.0,0.7856117364640566
HEAT,100,10,178.0,0.7845064736027973
HEAT,100,10,179.0,0.7834031326789763
HEAT,100,10,180.0,0.7823017103505439
HEAT,100,10,181.0,0.7812022032812613
HEAT,100,10,182.0,0.7801046081406919
HEAT,100,10,183.0,0.7790089216041901
HEAT,100,10,184.0,0.7779151403528914
HEAT,100,10,185.0,0.7768232610737025
HEAT,100,10,186.0,0.775733280459291
HEAT,100,10,187.0,0.7746451952080763
HEAT,100,10,188.0,0.7735590020242181
HEAT,100,10,189.0,0.7724746976176077
HEAT,100,10,190.0,0.7713922787038576
HEAT,100,10,191.0,0.7703117420042911
HEAT,100,10,192.0,0.769233084245933
HEAT,100,10,193.0,0.7681563021614997
HEAT,100,10,194.0,0.7670813924893888
HEAT,100,10,195.0,0.7660083519736695
HEAT,100,10,196.0,0.7649371773640726
HEAT,100,10,197.0,0.7638678654159814
HEAT,100,10,198.0,0.7628004128904203
HEAT,100,10,199.0,0.7617348165540468
HEAT,100,10,200.0,0.7606710731791404
HEAT,100,10,201.0,0.7596091795435933
HEAT,100,10,202.0,0.7585491324309008
HEAT,100,10,203.0,0.7574909286301511
HEAT,100,10,204.0,0.7564345649360159
HEAT,100,10,205.0,0.755380038148741
HEAT,100,10,206.0,0.7543273450741358
HEAT,100,10,207.0,0.7532764825235643
HEAT,100,10,208.0,0.752227447313935
HEAT,100,10,209.0,0.7511802362676917
HEAT,100,10,210.0,0.7501348462128035
HEAT,100,10,211.0,0.7490912739827554
HEAT,100,10,212.0,0.7480495164165386
HEAT,100,10,213.0,0.747009570358641
HEAT,100,10,214.0,0.7459714326590376
HEAT,100,10,215.0,0.744935100173181
HEAT,100,10,216.0,0.7439005697619916
HEAT,100,10,217.0,0.7428678382918485
HEAT,100,10,218.0,0.7418369026345804
HEAT,100,10,219.0,0.7408077596674543
HEAT,100,10,220.0,0.7397804062731685
HEAT,100,10,221.0,0.7387548393398415
HEAT,100,10,222.0,0.737731055761003
HEAT,100,10,223.0,0.7367090524355845
HEAT,100,10,224.0,0.73568882626791
HEAT,100,10,225.0,0.7346703741676867
HEAT,100,10,226.0,0.7336536930499952
HEAT,100,10,227.0,0.7326387798352808
HEAT,100,10,228.0,0.7316256314493436
HEAT,100,10,229.0,0.7306142448233294
HEAT,100,10,230.0,0.7296046168937205
HEAT,100,10,231.0,0.7285967446023264
HEAT,100,10,232.0,0.7275906248962742
HEAT,100,10,233.0,0.7265862547280002
HEAT,100,10,234.0,0.7255836310552396
HEAT,100,10,235.0,0.7245827508410176
HEAT,100,10,236.0,0.7235836110536411
HEAT,100,10,237.0,0.7225862086666881
HEAT,100,10,238.0,0.7215905406589997
HEAT,100,10,239.0,0.7205966040146703
HEAT,100,10,240.0,0.7196043957230387
HEAT,100,10,241.0,0.7186139127786786
HEAT,100,10,242.0,0.7176251521813906
HEAT,100,10,243.0,0.7166381109361913
HEAT,100,10,244.0,0.7156527860533062
HEAT,100,10,245.0,0.7146691745481591
HEAT,100,10,246.0,0.7136872734413641
HEAT,100,10,247.0,0.7127070797587157
HEAT,100,10,248.0,0.7117285905311806
HEAT,100,10,249.0,0.7107518027948883
HEAT,100,10,250.0,0.7097767135911218
HEAT,100,10,251.0,0.7088033199663095
HEAT,100,10,252.0,0.7078316189720154
HEAT,100,10,253.0,0.7068616076649308
HEAT,100,10,254.0,0.7058932831068646
HEAT,100,10,255.0,0.7049266423647358
HEAT,100,10,256.0,0.7039616825105627
HEAT,100,10,257.0,0.7029984006214559
HEAT,100,10,258.0,0.7020367937796079
HEAT,100,10,259.0,0.7010768590722857
HEAT,100,10,260.0,0.7001185935918205
HEAT,100,10,261.0,0.6991619944356003
HEAT,100,10,262.0,0.6982070587060599
HEAT,100,10,263.0,0.697253783510673
HEAT,100,10,264.0,0.696302165961943
HEAT,100,10,265.0,0.6953522031773944
HEAT,100,10,266.0,0.6944038922795638
HEAT,100,10,267.0,0.6934572303959917
HEAT,100,10,268.0,0.6925122146592135
HEAT,100,10,269.0,0.6915688422067506
HEAT,100,10,270.0,0.690627110181102
HEAT,100,10,271.0,0.6896870157297359
HEAT,100,10,272.0,0.6887485560050803
HEAT,100,10,273.0,0.6878117281645152
HEAT,100,10,274.0,0.6868765293703635
HEAT,100,10,275.0,0.6859429567898824
HEAT,100,10,276.0,0.6850110075952551
HEAT,100,10,277.0,0.6840806789635822
HEAT,100,10,278.0,0.6831519680768725
HEAT,100,10,279.0,0.6822248721220358
HEAT,100,10,280.0,0.6812993882908728
HEAT,100,10,281.0,0.6803755137800677
HEAT,100,10,282.0,0.6794532457911796
HEAT,100,10,283.0,0.6785325815306334
HEAT,100,10,284.0,0.6776135182097119
HEAT,100,10,285.0,0.6766960530445475
HEAT,100,10,286.0,0.6757801832561127
HEAT,100,10,287.0,0.6748659060702132
HEAT,100,10,288.0,0.6739532187174784
HEAT,100,10,289.0,0.6730421184333533
HEAT,100,10,290.0,0.6721326024580901
HEAT,100,10,291.0,0.6712246680367405
HEAT,100,10,292.0,0.6703183124191461
HEAT,100,10,293.0,0.6694135328599309
HEAT,100,10,294.0,0.668510326618493
HEAT,100,10,295.0,0.6676086909589959
HEAT,100,10,296.0,0.6667086231503607
HEAT,100,10,297.0,0.6658101204662575
HEAT,100,10,298.0,0.6649131801850969
HEAT,100,10,299.0,0.6640177995900225
HEAT,100,10,300.0,0.6631239759689019
HEAT,100,10,301.0,0.6622317066143191
HEAT,100,10,302.0,0.6613409888235655
HEAT,100,10,303.0,0.6604518198986331
HEAT,100,10,304.0,0.6595641971462045
HEAT,100,10,305.0,0.6586781178776463
HEAT,100,10,306.0,0.6577935794090001
HEAT,100,10,307.0,0.656910579060975
HEAT,100,10,308.0,0.6560291141589386
HEAT,100,10,309.0,0.6551491820329096
HEAT,100,10,310.0,0.6542707800175497
HEAT,100,10,311.0,0.6533939054521551
HEAT,100,10,312.0,0.6525185556806488
HEAT,100,10,313.0,0.6516447280515725
HEAT,100,10,314.0,0.6507724199180784
HEAT,100,10,315.0,0.6499016286379213
HEAT,100,10,316.0,0.6490323515734508
HEAT,100,10,317.0,0.6481645860916029
HEAT,100,10,318.0,0.647298329563892
HEAT,100,10,319.0,0.6464335793664036
HEAT,100,10,320.0,0.6455703328797857
HEAT,100,10,321.0,0.6447085874892412
HEAT,100,10,322.0,0.6438483405845197
HEAT,100,10,323.0,0.6429895895599098
HEAT,100,10,324.0,0.6421323318142313
HEAT,100,10,325.0,0.641276564750827
HEAT,100,10,326.0,0.640422285777555
HEAT,100,10,327.0,0.6395694923067811
HEAT,100,10,328.0,0.6387181817553707
HEAT,100,10,329.0,0.6378683515446806
HEAT,100,10,330.0,0.6370199991005518
HEAT,100,10,331.0,0.6361731218533021
HEAT,100,10,332.0,0.6353277172377167
HEAT,100,10,333.0,0.6344837826930423
HEAT,100,10,334.0,0.6336413156629778
HEAT,100,10,335.0,0.6328003135956677
HEAT,100,10,336.0,0.6319607739436938
HEAT,100,10,337.0,0.6311226941640674
HEAT,100,10,338.0,0.6302860717182222
HEAT,100,10,339.0,0.6294509040720057
HEAT,100,10,340.0,0.6286171886956724
HEAT,100,10,341.0,0.6277849230638758
HEAT,100,10,342.0,0.6269541046556603
HEAT,100,10,343.0,0.6261247309544545
HEAT,100,10,344.0,0.6252967994480627
HEAT,100,10,345.0,0.6244703076286577
HEAT,100,10,346.0,0.6236452529927733
HEAT,100,10,347.0,0.6228216330412966
HEAT,100,10,348.0,0.6219994452794598
HEAT,100,10,349.0,0.6211786872168342
HEAT,100,10,350.0,0.6203593563673211
HEAT,100,10,351.0,0.6195414502491449
HEAT,100,10,352.0,0.6187249663848455
HEAT,100,10,353.0,0.6179099023012712
HEAT,100,10,354.0,0.6170962555295705
HEAT,100,10,355.0,0.6162840236051852
HEAT,100,10,356.0,0.6154732040678426
HEAT,100,10,357.0,0.6146637944615481
HEAT,100,10,358.0,0.6138557923345779
HEAT,100,10,359.0,0.6130491952394717
HEAT,100,10,360.0,0.6122440007330245
HEAT,100,10,361.0,0.6114402063762805
HEAT,100,10,362.0,0.6106378097345244
HEAT,100,10,363.0,0.609836808377275
HEAT,100,10,364.0,0.6090371998782773
HEAT,100,10,365.0,0.6082389818154952
HEAT,100,10,366.0,0.6074421517711044
HEAT,100,10,367.0,0.6066467073314852
HEAT,100,10,368.0,0.6058526460872142
HEAT,100,10,369.0,0.6050599656330586
HEAT,100,10,370.0,0.6042686635679677
HEAT,100,10,371.0,0.6034787374950655
HEAT,100,10,372.0,0.6026901850216447
HEAT,100,10,373.0,0.6019030037591583
HEAT,100,10,374.0,0.6011171913232126
HEAT,100,10,375.0,0.6003327453335604
HEAT,100,10,376.0,0.5995496634140933
HEAT,100,10,377.0,0.5987679431928348
HEAT,100,10,378.0,0.597987582301933
HEAT,100,10,379.0,0.5972085783776535
HEAT,100,10,380.0,0.596430929060372
HEAT,100,10,381.0,0.5956546319945676
HEAT,100,10,382.0,0.5948796848288151
HEAT,100,10,383.0,0.5941060852157788
HEAT,100,10,384.0,0.5933338308122039
HEAT,100,10,385.0,0.5925629192789109
HEAT,100,10,386.0,0.5917933482807878
HEAT,100,10,387.0,0.5910251154867828
HEAT,100,10,388.0,0.590258218569898
HEAT,100,10,389.0,0.5894926552071815
HEAT,100,10,390.0,0.5887284230797213
HEAT,100,10,391.0,0.5879655198726369
HEAT,100,10,392.0,0.5872039432750741
HEAT,100,10,393.0,0.5864436909801963
HEAT,100,10,394.0,0.5856847606851787
HEAT,100,10,395.0,0.5849271500912007
HEAT,100,10,396.0,0.5841708569034391
HEAT,100,10,397.0,0.5834158788310609
HEAT,100,10,398.0,0.5826622135872175
HEAT,100,10,399.0,0.5819098588890358
HEAT,100,10,400.0,0.581158812457613
HEAT,100,10,401.0,0.580409072018009
HEAT,100,10,402.0,0.5796606352992396
HEAT,100,10,403.0,0.5789135000342692
HEAT,100,10,404.0,0.578167663960005
HEAT,100,10,405.0,0.5774231248172892
HEAT,100,10,406.0,0.5766798803508922
HEAT,100,10,407.0,0.5759379283095062
HEAT,100,10,408.0,0.5751972664457383
HEAT,100,10,409.0,0.5744578925161036
HEAT,100,10,410.0,0.573719804281018
HEAT,100,10,411.0,0.5729829995047921
HEAT,100,10,412.0,0.5722474759556245
HEAT,100,10,413.0,0.571513231405594
HEAT,100,10,414.0,0.5707802636306537
HEAT,100,10,415.0,0.5700485704106244
HEAT,100,10,416.0,0.5693181495291872
HEAT,100,10,417.0,0.5685889987738774
HEAT,100,10,418.0,0.5678611159360774
HEAT,100,10,419.0,0.5671344988110102
HEAT,100,10,420.0,0.5664091451977327
HEAT,100,10,421.0,0.565685052899129
HEAT,100,10,422.0,0.5649622197219036
HEAT,100,10,423.0,0.5642406434765753
HEAT,100,10,424.0,0.56352032197747
HEAT,100,10,425.0,0.5628012530427139
HEAT,100,10,426.0,0.5620834344942278
HEAT,100,10,427.0,0.5613668641577196
HEAT,100,10,428.0,0.5606515398626781
HEAT,100,10,429.0,0.5599374594423667
HEAT,100,10,430.0,0.5592246207338162
HEAT,100,10,431.0,0.5585130215778187
HEAT,100,10,432.0,0.5578026598189206
HEAT,100,10,433.0,0.5570935333054173
HEAT,100,10,434.0,0.5563856398893449
HEAT,100,10,435.0,0.555678977426475
HEAT,100,10,436.0,0.5549735437763075
HEAT,100,10,437.0,0.5542693368020648
HEAT,100,10,438.0,0.5535663543706847
HEAT,100,10,439.0,0.5528645943528142
HEAT,100,10,440.0,0.552164054622803
HEAT,100,10,441.0,0.5514647330586973
HEAT,100,10,442.0,0.5507666275422328
HEAT,100,10,443.0,0.550069735958829
HEAT,100,10,444.0,0.549374056197582
HEAT,100,10,445.0,0.548679586151259
HEAT,100,10,446.0,0.5479863237162912
HEAT,100,10,447.0,0.5472942667927678
HEAT,100,10,448.0,0.5466034132844293
HEAT,100,10,449.0,0.5459137610986617
HEAT,100,10,450.0,0.54522530814649
HEAT,100,10,451.0,0.5445380523425708
HEAT,100,10,452.0,0.5438519916051878
HEAT,100,10,453.0,0.5431671238562442
HEAT,100,10,454.0,0.5424834470212572
HEAT,100,10,455.0,0.5418009590293507
HEAT,100,10,456.0,0.5411196578132499
HEAT,100,10,457.0,0.5404395413092747
HEAT,100,10,458.0,0.5397606074573342
HEAT,100,10,459.0,0.5390828542009187
HEAT,100,10,460.0,0.5384062794870952
HEAT,100,10,461.0,0.5377308812665005
HEAT,100,10,462.0,0.5370566574933348
HEAT,100,10,463.0,0.536383606125356
HEAT,100,10,464.0,0.5357117251238731
HEAT,100,10,465.0,0.5350410124537401
HEAT,100,10,466.0,0.5343714660833502
HEAT,100,10,467.0,0.533703083984629
HEAT,100,10,468.0,0.5330358641330288
HEAT,100,10,469.0,0.5323698045075226
HEAT,100,10,470.0,0.5317049030905976
HEAT,100,10,471.0,0.5310411578682492
HEAT,100,10,472.0,0.530378566829975
HEAT,100,10,473.0,0.5297171279687686
HEAT,100,10,474.0,0.5290568392811138
HEAT,100,10,475.0,0.528397698766978
HEAT,100,10,476.0,0.5277397044298064
HEAT,100,10,477.0,0.5270828542765165
HEAT,100,10,478.0,0.526427146317491
HEAT,100,10,479.0,0.5257725785665728
HEAT,100,10,480.0,0.525119149041058
HEAT,100,10,481.0,0.5244668557616912
HEAT,100,10,482.0,0.5238156967526578
HEAT,100,10,483.0,0.5231656700415795
HEAT,100,10,484.0,0.5225167736595078
HEAT,100,10,485.0,0.5218690056409176
HEAT,100,10,486.0,0.521222364023702
HEAT,100,10,487.0,0.520576846849166
HEAT,100,10,488.0,0.5199324521620203
HEAT,100,10,489.0,0.5192891780103758
HEAT,100,10,490.0,0.5186470224457373
HEAT,100,10,491.0,0.5180059835229986
HEAT,100,10,492.0,0.5173660593004349
HEAT,100,10,493.0,0.5167272478396983
HEAT,100,10,494.0,0.5160895472058115
HEAT,100,10,495.0,0.5154529554671617
HEAT,100,10,496.0,0.5148174706954954
HEAT,100,10,497.0,0.5141830909659119
HEAT,100,10,498.0,0.5135498143568573
HEAT,100,10,499.0,0.5129176389501198
HEAT,100,10,500.0,0.5122865628308226
HEAT,100,25,0.0,1.0
HEAT,100,25,1.0,1.0
HEAT,100,25,2.0,1.0
HEAT,100,25,3.0,1.0
HEAT,100,25,4.0,1.0
HEAT,100,25,5.0,1.0
HEAT,100,25,6.0,1.0
HEAT,100,25,7.0,1.0
HEAT,100,25,8.0,1.0
HEAT,100,25,9.0,1.0
HEAT,100,25,10.0,1.0
HEAT,100,25,11.0,0.9978485583716029
HEAT,100,25,12.0,0.9957025622738888
HEAT,100,25,13.0,0.9935619979236323
HEAT,100,25,14.0,0.991426851572495
HEAT,100,25,15.0,0.9892971095069373
HEAT,100,25,16.0,0.9871727580481295
HEAT,100,25,17.0,0.9850537835518652
HEAT,100,25,18.0,0.9829401724084724
HEAT,100,25,19.0,0.9808319110427268
HEAT,100,25,20.0,0.9787289859137646
HEAT,100,25,21.0,0.976631383514995
HEAT,100,25,22.0,0.9745390903740142
HEAT,100,25,23.0,0.9724520930525187
HEAT,100,25,24.0,0.9703703781462182
HEAT,100,25,25.0,0.9682939322847504
HEAT,100,25,26.0,0.966222742131595
HEAT,100,25,27.0,0.9641567943839877
HEAT,100,25,28.0,0.9620960757728347
HEAT,100,25,29.0,0.9600405730626282
HEAT,100,25,30.0,0.9579902730513606
HEAT,100,25,31.0,0.9559451625704399
HEAT,100,25,32.0,0.9539052284846056
HEAT,100,25,33.0,0.9518704576918434
HEAT,100,25,34.0,0.9498408371233023
HEAT,100,25,35.0,0.9478163537432093
HEAT,100,25,36.0,0.9457969945487869
HEAT,100,25,37.0,0.9437827465701687
HEAT,100,25,38.0,0.9417735968703165
HEAT,100,25,39.0,0.9397695325449371
HEAT,100,25,40.0,0.9377705407223997
HEAT,100,25,41.0,0.9357766085636526
HEAT,100,25,42.0,0.9337877232621415
HEAT,100,25,43.0,0.9318038720437265
HEAT,100,25,44.0,0.9298250421666009
HEAT,100,25,45.0,0.9278512209212083
HEAT,100,25,46.0,0.9258823956301621
HEAT,100,25,47.0,0.9239185536481631
HEAT,100,25,48.0,0.9219596823619189
HEAT,100,25,49.0,0.920005769190063
HEAT,100,25,50.0,0.9180568015830732
HEAT,100,25,51.0,0.9161127670231917
HEAT,100,25,52.0,0.9141736530243445
HEAT,100,25,53.0,0.9122394471320612
HEAT,100,25,54.0,0.910310136923395
HEAT,100,25,55.0,0.908385710006843
HEAT,100,25,56.0,0.9064661540222664
HEAT,100,25,57.0,0.9045514566408113
HEAT,100,25,58.0,0.9026416055648292
HEAT,100,25,59.0,0.900736588527799
HEAT,100,25,60.0,0.8988363932942467
HEAT,100,25,61.0,0.896941007659668
HEAT,100,25,62.0,0.8950504194504494
HEAT,100,25,63.0,0.8931646165237901
HEAT,100,25,64.0,0.8912835867676242
HEAT,100,25,65.0,0.8894073181005426
HEAT,100,25,66.0,0.8875357984717157
HEAT,100,25,67.0,0.8856690158608157
HEAT,100,25,68.0,0.8838069582779394
HEAT,100,25,69.0,0.8819496137635318
HEAT,100,25,70.0,0.8800969703883083
HEAT,100,25,71.0,0.8782490162531789
HEAT,100,25,72.0,0.8764057394891714
HEAT,100,25,73.0,0.8745671282573556
HEAT,100,25,74.0,0.8727331707487662
HEAT,100,25,75.0,0.8709038551843283
HEAT,100,25,76.0,0.8690791698147807
HEAT,100,25,77.0,0.867259102920601
HEAT,100,25,78.0,0.8654436428119304
HEAT,100,25,79.0,0.8636327778284979
HEAT,100,25,80.0,0.8618264963395463
HEAT,100,25,81.0,0.860024786743757
HEAT,100,25,82.0,0.8582276374691756
HEAT,100,25,83.0,0.8564350369731374
HEAT,100,25,84.0,0.8546469737421937
HEAT,100,25,85.0,0.8528634362920373
HEAT,100,25,86.0,0.8510844131674292
HEAT,100,25,87.0,0.8493098929421249
HEAT,100,25,88.0,0.8475398642188008
HEAT,100,25,89.0,0.8457743156289811
HEAT,100,25,90.0,0.8440132358329651
HEAT,100,25,91.0,0.8422566135197538
HEAT,100,25,92.0,0.8405044374069779
HEAT,100,25,93.0,0.8387566962408246
HEAT,100,25,94.0,0.8370133787959662
HEAT,100,25,95.0,0.835274473875487
HEAT,100,25,96.0,0.8335399703108122
HEAT,100,25,97.0,0.8318098569616358
HEAT,100,25,98.0,0.8300841227158491
HEAT,100,25,99.0,0.8283627564894693
HEAT,100,25,100.0,0.8266457472265687
HEAT,100,25,101.0,0.8249330838992027
HEAT,100,25,102.0,0.8232247555073403
HEAT,100,25,103.0,0.8215207510787922
HEAT,100,25,104.0,0.8198210596691412
HEAT,100,25,105.0,0.8181256703616715
HEAT,100,25,106.0,0.8164345722672989
HEAT,100,25,107.0,0.8147477545245003
HEAT,100,25,108.0,0.8130652062992445
HEAT,100,25,109.0,0.8113869167849223
HEAT,100,25,110.0,0.8097128752022773
HEAT,100,25,111.0,0.8080430707993365
HEAT,100,25,112.0,0.8063774928513413
HEAT,100,25,113.0,0.8047161306606787
HEAT,100,25,114.0,0.8030589735568124
HEAT,100,25,115.0,0.8014060108962143
HEAT,100,25,116.0,0.7997572320622965
HEAT,100,25,117.0,0.7981126264653425
HEAT,100,25,118.0,0.7964721835424399
HEAT,100,25,119.0,0.7948358927574117
HEAT,100,25,120.0,0.7932037436007496
HEAT,100,25,121.0,0.7915757255895456
HEAT,100,25,122.0,0.789951828267425
HEAT,100,25,123.0,0.78833204120448
HEAT,100,25,124.0,0.7867163539972013
HEAT,100,25,125.0,0.7851047562684123
HEAT,100,25,126.0,0.7834972376672018
HEAT,100,25,127.0,0.7818937878688585
HEAT,100,25,128.0,0.7802943965748039
HEAT,100,25,129.0,0.7786990535125257
HEAT,100,25,130.0,0.7771077484355131
HEAT,100,25,131.0,0.7755204711231902
HEAT,100,25,132.0,0.7739372113808504
HEAT,100,25,133.0,0.7723579590395907
HEAT,100,25,134.0,0.7707827039562472
HEAT,100,25,135.0,0.7692114360133292
HEAT,100,25,136.0,0.7676441451189543
HEAT,100,25,137.0,0.7660808212067842
HEAT,100,25,138.0,0.7645214542359592
HEAT,100,25,139.0,0.7629660341910341
HEAT,100,25,140.0,0.7614145510819141
HEAT,100,25,141.0,0.7598669949437903
HEAT,100,25,142.0,0.7583233558370756
HEAT,100,25,143.0,0.7567836238473414
HEAT,100,25,144.0,0.7552477890852534
HEAT,100,25,145.0,0.7537158416865084
HEAT,100,25,146.0,0.7521877718117707
HEAT,100,25,147.0,0.750663569646609
HEAT,100,25,148.0,0.7491432254014333
HEAT,100,25,149.0,0.7476267293114325
HEAT,100,25,150.0,0.7461140716365109
HEAT,100,25,151.0,0.7446052426612262
HEAT,100,25,152.0,0.7431002326947268
HEAT,100,25,153.0,0.7415990320706898
HEAT,100,25,154.0,0.7401016311472589
HEAT,100,25,155.0,0.7386080203069822
HEAT,100,25,156.0,0.7371181899567507
HEAT,100,25,157.0,0.7356321305277366
HEAT,100,25,158.0,0.7341498324753316
HEAT,100,25,159.0,0.7326712862790863
HEAT,100,25,160.0,0.731196482442648
HEAT,100,25,161.0,0.7297254114937008
HEAT,100,25,162.0,0.7282580639839044
HEAT,100,25,163.0,0.7267944304888323
HEAT,100,25,164.0,0.7253345016079132
HEAT,100,25,165.0,0.7238782679643693
HEAT,100,25,166.0,0.7224257202051565
HEAT,100,25,167.0,0.7209768490009042
HEAT,100,25,168.0,0.7195316450458553
HEAT,100,25,169.0,0.718090099057807
HEAT,100,25,170.0,0.7166522017780503
HEAT,100,25,171.0,0.7152179439713113
HEAT,100,25,172.0,0.7137873164256916
HEAT,100,25,173.0,0.7123603099526086
HEAT,100,25,174.0,0.7109369153867376
HEAT,100,25,175.0,0.7095171235859523
HEAT,100,25,176.0,0.7081009254312655
HEAT,100,25,177.0,0.7066883118267716
HEAT,100,25,178.0,0.7052792736995879
HEAT,100,25,179.0,0.7038738019997958
HEAT,100,25,180.0,0.7024718877003829
HEAT,100,25,181.0,0.7010735217971856
HEAT,100,25,182.0,0.6996786953088305
HEAT,100,25,183.0,0.6982873992766772
HEAT,100,25,184.0,0.6968996247647603
HEAT,100,25,185.0,0.6955153628597326
HEAT,100,25,186.0,0.6941346046708071
HEAT,100,25,187.0,0.6927573413297011
HEAT,100,25,188.0,0.6913835639905779
HEAT,100,25,189.0,0.6900132638299904
HEAT,100,25,190.0,0.6886464320468254
HEAT,100,25,191.0,0.6872830598622452
HEAT,100,25,192.0,0.6859231385196333
HEAT,100,25,193.0,0.6845666592845364
HEAT,100,25,194.0,0.6832136134446095
HEAT,100,25,195.0,0.6818639923095593
HEAT,100,25,196.0,0.6805177872110885
HEAT,100,25,197.0,0.6791749895028402
HEAT,100,25,198.0,0.6778355905603426
HEAT,100,25,199.0,0.6764995817809532
HEAT,100,25,200.0,0.6751669545838036
HEAT,100,25,201.0,0.6738377004097447
HEAT,100,25,202.0,0.6725118107212913
HEAT,100,25,203.0,0.671189277002568
HEAT,100,25,204.0,0.6698700907592533
HEAT,100,25,205.0,0.6685542435185262
HEAT,100,25,206.0,0.6672417268290113
HEAT,100,25,207.0,0.6659325322607244
HEAT,100,25,208.0,0.6646266514050184
HEAT,100,25,209.0,0.6633240758745299
HEAT,100,25,210.0,0.6620247973031241
HEAT,100,25,211.0,0.6607288073458424
HEAT,100,25,212.0,0.6594360976788478
HEAT,100,25,213.0,0.658146659999372
HEAT,100,25,214.0,0.6568604860256619
HEAT,100,25,215.0,0.6555775674969265
HEAT,100,25,216.0,0.6542978961732834
HEAT,100,25,217.0,0.6530214638357067
HEAT,100,25,218.0,0.6517482622859734
HEAT,100,25,219.0,0.6504782833466112
HEAT,100,25,220.0,0.6492115188608457
HEAT,100,25,221.0,0.6479479606925487
HEAT,100,25,222.0,0.6466876007261847
HEAT,100,25,223.0,0.64543043086676
HEAT,100,25,224.0,0.6441764430397702
HEAT,100,25,225.0,0.6429256291911478
HEAT,100,25,226.0,0.6416779812872119
HEAT,100,25,227.0,0.6404334913146148
HEAT,100,25,228.0,0.639192151280292
HEAT,100,25,229.0,0.6379539532114102
HEAT,100,25,230.0,0.6367188891553163
HEAT,100,25,231.0,0.6354869511794857
HEAT,100,25,232.0,0.6342581313714728
HEAT,100,25,233.0,0.6330324218388582
HEAT,100,25,234.0,0.6318098147092
HEAT,100,25,235.0,0.6305903021299815
HEAT,100,25,236.0,0.6293738762685623
HEAT,100,25,237.0,0.6281605293121268
HEAT,100,25,238.0,0.6269502534676346
HEAT,100,25,239.0,0.62574304096177
HEAT,100,25,240.0,0.6245388840408932
HEAT,100,25,241.0,0.6233377749709889
HEAT,100,25,242.0,0.6221397060376178
HEAT,100,25,243.0,0.6209446695458667
HEAT,100,25,244.0,0.6197526578202989
HEAT,100,25,245.0,0.6185636632049051
HEAT,100,25,246.0,0.6173776780630542
HEAT,100,25,247.0,0.6161946947774443
HEAT,100,25,248.0,0.6150147057500538
HEAT,100,25,249.0,0.613837703402092
HEAT,100,25,250.0,0.6126636801739516
HEAT,100,25,251.0,0.6114926285251592
HEAT,100,25,252.0,0.6103245409343269
HEAT,100,25,253.0,0.6091594098991048
HEAT,100,25,254.0,0.6079972279361316
HEAT,100,25,255.0,0.6068379875809878
HEAT,100,25,256.0,0.6056816813881468
HEAT,100,25,257.0,0.6045283019309275
HEAT,100,25,258.0,0.6033778418014465
HEAT,100,25,259.0,0.6022302936105708
HEAT,100,25,260.0,0.6010856499878696
HEAT,100,25,261.0,0.599943903581568
HEAT,100,25,262.0,0.5988050470584987
HEAT,100,25,263.0,0.597669073104056
HEAT,100,25,264.0,0.5965359744221478
HEAT,100,25,265.0,0.5954057437351494
HEAT,100,25,266.0,0.5942783737838566
HEAT,100,25,267.0,0.5931538573274387
HEAT,100,25,268.0,0.5920321871433929
HEAT,100,25,269.0,0.5909133560274968
HEAT,100,25,270.0,0.5897973567937629
HEAT,100,25,271.0,0.5886841822743923
HEAT,100,25,272.0,0.5875738253197283
HEAT,100,25,273.0,0.5864662787982109
HEAT,100,25,274.0,0.5853615355963309
HEAT,100,25,275.0,0.5842595886185841
HEAT,100,25,276.0,0.5831604307874257
HEAT,100,25,277.0,0.5820640550432252
HEAT,100,25,278.0,0.5809704543442205
HEAT,100,25,279.0,0.579879621666473
HEAT,100,25,280.0,0.5787915500038227
HEAT,100,25,281.0,0.5777062323678426
HEAT,100,25,282.0,0.5766236617877942
HEAT,100,25,283.0,0.5755438313105832
HEAT,100,25,284.0,0.5744667340007137
HEAT,100,25,285.0,0.5733923629402443
HEAT,100,25,286.0,0.5723207112287444
HEAT,100,25,287.0,0.5712517719832482
HEAT,100,25,288.0,0.570185538338212
HEAT,100,25,289.0,0.5691220034454693
HEAT,100,25,290.0,0.5680611604741873
HEAT,100,25,291.0,0.5670030026108225
HEAT,100,25,292.0,0.5659475230590773
HEAT,100,25,293.0,0.5648947150398561
HEAT,100,25,294.0,0.5638445717912224
HEAT,100,25,295.0,0.5627970865683544
HEAT,100,25,296.0,0.5617522526435025
HEAT,100,25,297.0,0.5607100633059454
HEAT,100,25,298.0,0.5596705118619477
HEAT,100,25,299.0,0.5586335916347166
HEAT,100,25,300.0,0.5575992959643586
HEAT,100,25,301.0,0.5565676182078374
HEAT,100,25,302.0,0.5555385517389309
HEAT,100,25,303.0,0.5545120899481886
HEAT,100,25,304.0,0.5534882262428892
HEAT,100,25,305.0,0.5524669540469986
HEAT,100,25,306.0,0.551448266801127
HEAT,100,25,307.0,0.5504321579624872
HEAT,100,25,308.0,0.5494186210048527
HEAT,100,25,309.0,0.5484076494185154
HEAT,100,25,310.0,0.5473992367102439
HEAT,100,25,311.0,0.5463933764032419
HEAT,100,25,312.0,0.5453900620371069
HEAT,100,25,313.0,0.544389287167788
HEAT,100,25,314.0,0.5433910453675449
HEAT,100,25,315.0,0.5423953302249068
HEAT,100,25,316.0,0.541402135344631
HEAT,100,25,317.0,0.5404114543476617
HEAT,100,25,318.0,0.5394232808710893
HEAT,100,25,319.0,0.5384376085681093
HEAT,100,25,320.0,0.5374544311079816
HEAT,100,25,321.0,0.5364737421759904
HEAT,100,25,322.0,0.5354955354734023
HEAT,100,25,323.0,0.5345198047174274
HEAT,100,25,324.0,0.5335465436411778
HEAT,100,25,325.0,0.532575745993628
HEAT,100,25,326.0,0.5316074055395742
HEAT,100,25,327.0,0.5306415160595949
HEAT,100,25,328.0,0.5296780713500105
HEAT,100,25,329.0,0.5287170652228435
HEAT,100,25,330.0,0.527758491505779
HEAT,100,25,331.0,0.5268023440421249
HEAT,100,25,332.0,0.5258486166907723
HEAT,100,25,333.0,0.5248973033261558
HEAT,100,25,334.0,0.523948397838215
HEAT,100,25,335.0,0.5230018941323544
HEAT,100,25,336.0,0.5220577861294047
HEAT,100,25,337.0,0.5211160677655835
HEAT,100,25,338.0,0.5201767329924566
HEAT,100,25,339.0,0.519239775776899
HEAT,100,25,340.0,0.5183051901010561
HEAT,100,25,341.0,0.5173729699623054
HEAT,100,25,342.0,0.5164431093732175
HEAT,100,25,343.0,0.5155156023615177
HEAT,100,25,344.0,0.5145904429700482
HEAT,100,25,345.0,0.5136676252567288
HEAT,100,25,346.0,0.5127471432945198
HEAT,100,25,347.0,0.5118289911713834
HEAT,100,25,348.0,0.5109131629902458
HEAT,100,25,349.0,0.5099996528689591
HEAT,100,25,350.0,0.5090884549402641
HEAT,100,25,351.0,0.5081795633517521
HEAT,100,25,352.0,0.5072729722658273
HEAT,100,25,353.0,0.5063686758596698
HEAT,100,25,354.0,0.5054666683251978
HEAT,100,25,355.0,0.5045669438690303
HEAT,100,25,356.0,0.5036694967124499
HEAT,100,25,357.0,0.5027743210913659
HEAT,100,25,358.0,0.501881411256277
HEAT,100,25,359.0,0.500990761472235
HEAT,100,25,360.0,0.5001023660188065
HEAT,100,25,361.0,0.4992162191900381
HEAT,100,25,362.0,0.49833231529441835
HEAT,100,25,363.0,0.49745064865484157
HEAT,100,25,364.0,0.49657121360857137
HEAT,100,25,365.0,0.4956940045072048
HEAT,100,25,366.0,0.49481901571663534
HEAT,100,25,367.0,0.49394624161701695
HEAT,100,25,368.0,0.4930756766027281
HEAT,100,25,369.0,0.4922073150823356
HEAT,100,25,370.0,0.49134115147855906
HEAT,100,25,371.0,0.4904771802282344
HEAT,100,25,372.0,0.48961539578227875
HEAT,100,25,373.0,0.4887557926056547
HEAT,100,25,374.0,0.4878983651773341
HEAT,100,25,375.0,0.48704310799026385
HEAT,100,25,376.0,0.486190015551329
HEAT,100,25,377.0,0.48533908238131895
HEAT,100,25,378.0,0.48449030301489115
HEAT,100,25,379.0,0.4836436720005366
HEAT,100,25,380.0,0.48279918390054466
HEAT,100,25,381.0,0.48195683329096795
HEAT,100,25,382.0,0.48111661476158796
HEAT,100,25,383.0,0.4802785229158797
HEAT,100,25,384.0,0.47944255237097766
HEAT,100,25,385.0,0.4786086977576408
HEAT,100,25,386.0,0.47777695372021833
HEAT,100,25,387.0,0.476947314916615
HEAT,100,25,388.0,0.47611977601825706
HEAT,100,25,389.0,0.47529433171005797
HEAT,100,25,390.0,0.4744709766903844
HEAT,100,25,391.0,0.4736497056710216
HEAT,100,25,392.0,0.4728305133771403
HEAT,100,25,393.0,0.4720133945472623
HEAT,100,25,394.0,0.47119834393322657
HEAT,100,25,395.0,0.47038535630015577
HEAT,100,25,396.0,0.4695744264264229
HEAT,100,25,397.0,0.4687655491036171
HEAT,100,25,398.0,0.4679587191365109
HEAT,100,25,399.0,0.4671539313430261
HEAT,100,25,400.0,0.4663511805542011
HEAT,100,25,401.0,0.4655504616141578
HEAT,100,25,402.0,0.4647517693800678
HEAT,100,25,403.0,0.4639550987221196
HEAT,100,25,404.0,0.46316044452348637
HEAT,100,25,405.0,0.4623678016802921
HEAT,100,25,406.0,0.4615771651015793
HEAT,100,25,407.0,0.4607885297092764
HEAT,100,25,408.0,0.46000189043816486
HEAT,100,25,409.0,0.4592172422358467
HEAT,100,25,410.0,0.4584345800627122
HEAT,100,25,411.0,0.45765389889190733
HEAT,100,25,412.0,0.45687519370930185
HEAT,100,25,413.0,0.4560984595134564
HEAT,100,25,414.0,0.45532369131559125
HEAT,100,25,415.0,0.45455088413955325
HEAT,100,25,416.0,0.45378003302178516
HEAT,100,25,417.0,0.45301113301129237
HEAT,100,25,418.0,0.452244179169612
HEAT,100,25,419.0,0.45147916657078113
HEAT,100,25,420.0,0.450716090301305
HEAT,100,25,421.0,0.44995494546012493
HEAT,100,25,422.0,0.4491957271585879
HEAT,100,25,423.0,0.4484384305204143
HEAT,100,25,424.0,0.44768305068166725
HEAT,100,25,425.0,0.4469295827907205
HEAT,100,25,426.0,0.4461780220082281
HEAT,100,25,427.0,0.44542836350709314
HEAT,100,25,428.0,0.4446806024724361
HEAT,100,25,429.0,0.44393473410156514
HEAT,100,25,430.0,0.4431907536039441
HEAT,100,25,431.0,0.44244865620116225
HEAT,100,25,432.0,0.44170843712690344
HEAT,100,25,433.0,0.4409700916269159
HEAT,100,25,434.0,0.44023361495898106
HEAT,100,25,435.0,0.43949900239288353
HEAT,100,25,436.0,0.43876624921038054
HEAT,100,25,437.0,0.43803535070517197
HEAT,100,25,438.0,0.4373063021828696
HEAT,100,25,439.0,0.43657909896096725
HEAT,100,25,440.0,0.43585373636881064
HEAT,100,25,441.0,0.43513020974756744
HEAT,100,25,442.0,0.43440851445019746
HEAT,100,25,443.0,0.43368864584142264
HEAT,100,25,444.0,0.4329705992976969
HEAT,100,25,445.0,0.4322543702071774
HEAT,100,25,446.0,0.43153995396969425
HEAT,100,25,447.0,0.4308273459967209
HEAT,100,25,448.0,0.43011654171134484
HEAT,100,25,449.0,0.4294075365482385
HEAT,100,25,450.0,0.4287003259536294
HEAT,100,25,451.0,0.4279949053852712
HEAT,100,25,452.0,0.42729127031241454
HEAT,100,25,453.0,0.42658941621577784
HEAT,100,25,454.0,0.4258893385875182
HEAT,100,25,455.0,0.42519103293120286
HEAT,100,25,456.0,0.4244944947617796
HEAT,100,25,457.0,0.42379971960554863
HEAT,100,25,458.0,0.42310670300013353
HEAT,100,25,459.0,0.4224154404944528
HEAT,100,25,460.0,0.42172592764869044
HEAT,100,25,461.0,0.42103816003426897
HEAT,100,25,462.0,0.4203521332338198
HEAT,100,25,463.0,0.419667842841155
HEAT,100,25,464.0,0.41898528446123917
HEAT,100,25,465.0,0.41830445371016123
HEAT,100,25,466.0,0.4176253462151067
HEAT,100,25,467.0,0.4169479576143287
HEAT,100,25,468.0,0.4162722835571204
HEAT,100,25,469.0,0.41559831970378736
HEAT,100,25,470.0,0.4149260617256191
HEAT,100,25,471.0,0.41425550530486177
HEAT,100,25,472.0,0.41358664613469
HEAT,100,25,473.0,0.41291947991917965
HEAT,100,25,474.0,0.41225400237328014
HEAT,100,25,475.0,0.41159020922278655
HEAT,100,25,476.0,0.41092809620431237
HEAT,100,25,477.0,0.41026765906526264
HEAT,100,25,478.0,0.4096088935638056
HEAT,100,25,479.0,0.4089517954688465
HEAT,100,25,480.0,0.4082963605599996
HEAT,100,25,481.0,0.40764258462756175
HEAT,100,25,482.0,0.4069904634724846
HEAT,100,25,483.0,0.4063399929063485
HEAT,100,25,484.0,0.4056911687513347
HEAT,100,25,485.0,0.40504398684019927
HEAT,100,25,486.0,0.40439844301624583
HEAT,100,25,487.0,0.40375453313329945
HEAT,100,25,488.0,0.4031122530556789
HEAT,100,25,489.0,0.4024715986581715
HEAT,100,25,490.0,0.40183256582600535
HEAT,100,25,491.0,0.4011951504548241
HEAT,100,25,492.0,0.40055934845065944
HEAT,100,25,493.0,0.3999251557299056
HEAT,100,25,494.0,0.3992925682192927
HEAT,100,25,495.0,0.398661581855861
HEAT,100,25,496.0,0.39803219258693423
HEAT,100,25,497.0,0.39740439637009406
HEAT,100,25,498.0,0.396778189173154
HEAT,100,25,499.0,0.3961535669741333
HEAT,100,25,500.0,0.3955305257612315
HEAT,100,50,0.0,1.0
HEAT,100,50,1.0,1.0
HEAT,100,50,2.0,1.0
HEAT,100,50,3.0,1.0
HEAT,100,50,4.0,1.0
HEAT,100,50,5.0,1.0
HEAT,100,50,6.0,1.0
HEAT,100,50,7.0,1.0
HEAT,100,50,8.0,1.0
HEAT,100,50,9.0,1.0
HEAT,100,50,10.0,1.0
HEAT,100,50,11.0,0.997331165452049
HEAT,100,50,12.0,0.9946707105250914
HEAT,100,50,13.0,0.9920186089087483
HEAT,100,50,14.0,0.9893748343752503
HEAT,100,50,15.0,0.9867393607791781
HEAT,100,50,16.0,0.9841121620572042
HEAT,100,50,17.0,0.9814932122278344
HEAT,100,50,18.0,0.9788824853911515
HEAT,100,50,19.0,0.9762799557285593
HEAT,100,50,20.0,0.9736855975025266
HEAT,100,50,21.0,0.9710993850563332
HEAT,100,50,22.0,0.9685212928138159
HEAT,100,50,23.0,0.9659512952791159
HEAT,100,50,24.0,0.9633893670364262
HEAT,100,50,25.0,0.9608354827497405
HEAT,100,50,26.0,0.958289617162603
HEAT,100,50,27.0,0.9557517450978574
HEAT,100,50,28.0,0.9532218414573999
HEAT,100,50,29.0,0.9506998812219289
HEAT,100,50,30.0,0.9481858394506991
HEAT,100,50,31.0,0.945679691281274
HEAT,100,50,32.0,0.9431814119292806
HEAT,100,50,33.0,0.9406909766881637
HEAT,100,50,34.0,0.9382083609289419
HEAT,100,50,35.0,0.9357335400999642
HEAT,100,50,36.0,0.933266489726667
HEAT,100,50,37.0,0.930807185411332
HEAT,100,50,38.0,0.9283556028328448
HEAT,100,50,39.0,0.9259117177464548
HEAT,100,50,40.0,0.9234755059835351
HEAT,100,50,41.0,0.9210469434513436
HEAT,100,50,42.0,0.9186260061327849
HEAT,100,50,43.0,0.9162126700861722
HEAT,100,50,44.0,0.9138069114449914
HEAT,100,50,45.0,0.9114087064176641
HEAT,100,50,46.0,0.9090180312873134
HEAT,100,50,47.0,0.9066348624115282
HEAT,100,50,48.0,0.9042591762221306
HEAT,100,50,49.0,0.9018909492249416
HEAT,100,50,50.0,0.8995301579995496
HEAT,100,50,51.0,0.8971767791990787
HEAT,100,50,52.0,0.8948307895499572
HEAT,100,50,53.0,0.8924921658516883
HEAT,100,50,54.0,0.8901608849766202
HEAT,100,50,55.0,0.887836923869717
HEAT,100,50,56.0,0.8855202595483319
HEAT,100,50,57.0,0.8832108691019784
HEAT,100,50,58.0,0.8809087296921049
HEAT,100,50,59.0,0.878613818551868
HEAT,100,50,60.0,0.8763261129859085
HEAT,100,50,61.0,0.8740455903701253
HEAT,100,50,62.0,0.871772228151453
HEAT,100,50,63.0,0.8695060038476388
HEAT,100,50,64.0,0.867246895047019
HEAT,100,50,65.0,0.864994879408299
HEAT,100,50,66.0,0.8627499346603309
HEAT,100,50,67.0,0.8605120386018941
HEAT,100,50,68.0,0.8582811691014754
HEAT,100,50,69.0,0.8560573040970506
HEAT,100,50,70.0,0.8538404215958655
HEAT,100,50,71.0,0.851630499674219
HEAT,100,50,72.0,0.8494275164772466
HEAT,100,50,73.0,0.8472314502187029
HEAT,100,50,74.0,0.845042279180748
HEAT,100,50,75.0,0.8428599817137314
HEAT,100,50,76.0,0.8406845362359782
HEAT,100,50,77.0,0.8385159212335757
HEAT,100,50,78.0,0.836354115260161
HEAT,100,50,79.0,0.8341990969367085
HEAT,100,50,80.0,0.8320508449513184
HEAT,100,50,81.0,0.8299093380590064
HEAT,100,50,82.0,0.827774555081493
HEAT,100,50,83.0,0.8256464749069946
HEAT,100,50,84.0,0.8235250764900145
HEAT,100,50,85.0,0.8214103388511347
HEAT,100,50,86.0,0.8193022410768084
HEAT,100,50,87.0,0.8172007623191534
HEAT,100,50,88.0,0.8151058817957456
HEAT,100,50,89.0,0.8130175787894139
HEAT,100,50,90.0,0.810935832648035
HEAT,100,50,91.0,0.8088606227843294
HEAT,100,50,92.0,0.8067919286756573
HEAT,100,50,93.0,0.8047297298638162
HEAT,100,50,94.0,0.8026740059548383
HEAT,100,50,95.0,0.8006247366187892
HEAT,100,50,96.0,0.7985819015895659
HEAT,100,50,97.0,0.7965454806646977
HEAT,100,50,98.0,0.7945154537051453
HEAT,100,50,99.0,0.7924918006351022
HEAT,100,50,100.0,0.7904745014417961
HEAT,100,50,101.0,0.7884635361752907
HEAT,100,50,102.0,0.786458884948289
HEAT,100,50,103.0,0.7844605279359356
HEAT,100,50,104.0,0.7824684453756219
HEAT,100,50,105.0,0.7804826175667897
HEAT,100,50,106.0,0.778503024870737
HEAT,100,50,107.0,0.7765296477104232
HEAT,100,50,108.0,0.774562466570276
HEAT,100,50,109.0,0.7726014619959981
HEAT,100,50,110.0,0.7706466145943749
HEAT,100,50,111.0,0.7686979050330828
HEAT,100,50,112.0,0.7667553140404979
HEAT,100,50,113.0,0.7648188224055054
HEAT,100,50,114.0,0.7628884109773097
HEAT,100,50,115.0,0.7609640606652449
HEAT,100,50,116.0,0.7590457524385863
HEAT,100,50,117.0,0.7571334673263617
HEAT,100,50,118.0,0.7552271864171642
HEAT,100,50,119.0,0.7533268908589651
HEAT,100,50,120.0,0.7514325618589272
HEAT,100,50,121.0,0.7495441806832192
HEAT,100,50,122.0,0.7476617286568304
HEAT,100,50,123.0,0.7457851871633865
HEAT,100,50,124.0,0.743914537644964
HEAT,100,50,125.0,0.7420497616019084
HEAT,100,50,126.0,0.7401908405926504
HEAT,100,50,127.0,0.7383377562335235
HEAT,100,50,128.0,0.7364904901985823
HEAT,100,50,129.0,0.7346490242194215
HEAT,100,50,130.0,0.7328133400849949
HEAT,100,50,131.0,0.7309834196414354
HEAT,100,50,132.0,0.7291592447918757
HEAT,100,50,133.0,0.7273407974962689
HEAT,100,50,134.0,0.7255280597712105
HEAT,100,50,135.0,0.7237210136897604
HEAT,100,50,136.0,0.7219196413812654
HEAT,100,50,137.0,0.720123925031183
HEAT,100,50,138.0,0.7183338468809046
HEAT,100,50,139.0,0.7165493892275805
HEAT,100,50,140.0,0.7147705344239438
HEAT,100,50,141.0,0.7129972648781375
HEAT,100,50,142.0,0.7112295630535391
HEAT,100,50,143.0,0.7094674114685876
HEAT,100,50,144.0,0.7077107926966111
HEAT,100,50,145.0,0.7059596893656536
HEAT,100,50,146.0,0.704214084158304
HEAT,100,50,147.0,0.7024739598115244
HEAT,100,50,148.0,0.7007392991164793
HEAT,100,50,149.0,0.6990100849183659
HEAT,100,50,150.0,0.697286300116244
HEAT,100,50,151.0,0.695567927662867
HEAT,100,50,152.0,0.6938549505645132
HEAT,100,50,153.0,0.6921473518808182
HEAT,100,50,154.0,0.6904451147246069
HEAT,100,50,155.0,0.6887482222617264
HEAT,100,50,156.0,0.6870566577108802
HEAT,100,50,157.0,0.6853704043434615
HEAT,100,50,158.0,0.6836894454833882
HEAT,100,50,159.0,0.6820137645069377
HEAT,100,50,160.0,0.6803433448425831
HEAT,100,50,161.0,0.678678169970828
HEAT,100,50,162.0,0.6770182234240448
HEAT,100,50,163.0,0.6753634887863109
HEAT,100,50,164.0,0.6737139496932463
HEAT,100,50,165.0,0.6720695898318519
HEAT,100,50,166.0,0.6704303929403486
HEAT,100,50,167.0,0.6687963428080157
HEAT,100,50,168.0,0.6671674232750314
HEAT,100,50,169.0,0.6655436182323123
HEAT,100,50,170.0,0.6639249116213547
HEAT,100,50,171.0,0.662311287434075
HEAT,100,50,172.0,0.6607027297126522
HEAT,100,50,173.0,0.6590992225493699
HEAT,100,50,174.0,0.6575007500864585
HEAT,100,50,175.0,0.6559072965159387
HEAT,100,50,176.0,0.6543188460794654
HEAT,100,50,177.0,0.6527353830681718
HEAT,100,50,178.0,0.6511568918225134
HEAT,100,50,179.0,0.6495833567321136
HEAT,100,50,180.0,0.6480147622356102
HEAT,100,50,181.0,0.6464510928204996
HEAT,100,50,182.0,0.644892333022985
HEAT,100,50,183.0,0.643338467427823
HEAT,100,50,184.0,0.6417894806681704
HEAT,100,50,185.0,0.640245357425434
HEAT,100,50,186.0,0.6387060824291168
HEAT,100,50,187.0,0.6371716404566691
HEAT,100,50,188.0,0.6356420163333364
HEAT,100,50,189.0,0.6341171949320105
HEAT,100,50,190.0,0.6325971611730792
HEAT,100,50,191.0,0.631081900024277
HEAT,100,50,192.0,0.6295713965005374
HEAT,100,50,193.0,0.6280656356638437
HEAT,100,50,194.0,0.6265646026230816
HEAT,100,50,195.0,0.6250682825338921
HEAT,100,50,196.0,0.6235766605985248
HEAT,100,50,197.0,0.6220897220656911
HEAT,100,50,198.0,0.6206074522304188
HEAT,100,50,199.0,0.6191298364339062
HEAT,100,50,200.0,0.6176568600633775
HEAT,100,50,201.0,0.6161885085519382
HEAT,100,50,202.0,0.6147247673784308
HEAT,100,50,203.0,0.6132656220672921
HEAT,100,50,204.0,0.6118110581884083
HEAT,100,50,205.0,0.6103610613569741
HEAT,100,50,206.0,0.6089156172333495
HEAT,100,50,207.0,0.6074747115229183
HEAT,100,50,208.0,0.6060383299759461
HEAT,100,50,209.0,0.6046064583874406
HEAT,100,50,210.0,0.60317908259701
HEAT,100,50,211.0,0.6017561884887234
HEAT,100,50,212.0,0.6003377619909712
HEAT,100,50,213.0,0.598923789076326
HEAT,100,50,214.0,0.5975142557614037
HEAT,100,50,215.0,0.5961091481067253
HEAT,100,50,216.0,0.5947084522165791
HEAT,100,50,217.0,0.5933121542388834
HEAT,100,50,218.0,0.591920240365049
HEAT,100,50,219.0,0.590532696829843
HEAT,100,50,220.0,0.5891495099112529
HEAT,100,50,221.0,0.5877706659303508
HEAT,100,50,222.0,0.5863961512511573
HEAT,100,50,223.0,0.585025952280508
HEAT,100,50,224.0,0.583660055467918
HEAT,100,50,225.0,0.5822984473054484
HEAT,100,50,226.0,0.5809411143275728
HEAT,100,50,227.0,0.5795880431110434
HEAT,100,50,228.0,0.5782392202747594
HEAT,100,50,229.0,0.5768946324796337
HEAT,100,50,230.0,0.5755542664284613
HEAT,100,50,231.0,0.5742181088657882
HEAT,100,50,232.0,0.5728861465777794
HEAT,100,50,233.0,0.5715583663920892
HEAT,100,50,234.0,0.5702347551777304
HEAT,100,50,235.0,0.5689152998449445
HEAT,100,50,236.0,0.5675999873450722
HEAT,100,50,237.0,0.5662888046704246
HEAT,100,50,238.0,0.5649817388541545
HEAT,100,50,239.0,0.5636787769701277
HEAT,100,50,240.0,0.562379906132796
HEAT,100,50,241.0,0.5610851134970689
HEAT,100,50,242.0,0.5597943862581873
HEAT,100,50,243.0,0.5585077116515965
HEAT,100,50,244.0,0.5572250769528198
HEAT,100,50,245.0,0.5559464694773331
HEAT,100,50,246.0,0.5546718765804391
HEAT,100,50,247.0,0.5534012856571426
HEAT,100,50,248.0,0.5521346841420255
HEAT,100,50,249.0,0.5508720595091224
HEAT,100,50,250.0,0.5496133992717975
HEAT,100,50,251.0,0.5483586909826202
HEAT,100,50,252.0,0.5471079222332427
HEAT,100,50,253.0,0.5458610806542766
HEAT,100,50,254.0,0.5446181539151714
HEAT,100,50,255.0,0.5433791297240922
HEAT,100,50,256.0,0.5421439958277974
HEAT,100,50,257.0,0.5409127400115189
HEAT,100,50,258.0,0.5396853500988401
HEAT,100,50,259.0,0.5384618139515764
HEAT,100,50,260.0,0.5372421194696544
HEAT,100,50,261.0,0.5360262545909928
HEAT,100,50,262.0,0.5348142072913827
HEAT,100,50,263.0,0.5336059655843691
HEAT,100,50,264.0,0.5324015175211317
HEAT,100,50,265.0,0.531200851190368
HEAT,100,50,266.0,0.5300039547181736
HEAT,100,50,267.0,0.5288108162679268
HEAT,100,50,268.0,0.5276214240401699
HEAT,100,50,269.0,0.5264357662724936
HEAT,100,50,270.0,0.52525383123942
HEAT,100,50,271.0,0.5240756072522875
HEAT,100,50,272.0,0.5229010826591337
HEAT,100,50,273.0,0.5217302458445819
HEAT,100,50,274.0,0.5205630852297252
HEAT,100,50,275.0,0.5193995892720117
HEAT,100,50,276.0,0.5182397464651317
HEAT,100,50,277.0,0.5170835453389024
HEAT,100,50,278.0,0.5159309744591556
HEAT,100,50,279.0,0.5147820224276238
HEAT,100,50,280.0,0.5136366778818282
HEAT,100,50,281.0,0.5124949294949658
HEAT,100,50,282.0,0.5113567659757973
HEAT,100,50,283.0,0.510222176068536
HEAT,100,50,284.0,0.5090911485527363
HEAT,100,50,285.0,0.5079636722431822
HEAT,100,50,286.0,0.5068397359897775
HEAT,100,50,287.0,0.5057193286774349
HEAT,100,50,288.0,0.5046024392259664
HEAT,100,50,289.0,0.5034890565899734
HEAT,100,50,290.0,0.5023791697587382
HEAT,100,50,291.0,0.5012727677561142
HEAT,100,50,292.0,0.5001698396404178
HEAT,100,50,293.0,0.49907037450432046
HEAT,100,50,294.0,0.49797436147474006
HEAT,100,50,295.0,0.4968817897127342
HEAT,100,50,296.0,0.49579264841339266
HEAT,100,50,297.0,0.49470692680573003
HEAT,100,50,298.0,0.4936246141525805
HEAT,100,50,299.0,0.49254569975049023
HEAT,100,50,300.0,0.49147017292961237
HEAT,100,50,301.0,0.4903980230536015
HEAT,100,50,302.0,0.4893292395195077
HEAT,100,50,303.0,0.48826381175767286
HEAT,100,50,304.0,0.4872017292316252
HEAT,100,50,305.0,0.48614298143797563
HEAT,100,50,306.0,0.4850875579063133
HEAT,100,50,307.0,0.48403544819910294
HEAT,100,50,308.0,0.48298664191158047
HEAT,100,50,309.0,0.4819411286716513
HEAT,100,50,310.0,0.4808988981397869
HEAT,100,50,311.0,0.47985994000892296
HEAT,100,50,312.0,0.4788242440043572
HEAT,100,50,313.0,0.47779179988364817
HEAT,100,50,314.0,0.4767625974365135
HEAT,100,50,315.0,0.47573662648472903
HEAT,100,50,316.0,0.4747138768820285
HEAT,100,50,317.0,0.4736943385140028
HEAT,100,50,318.0,0.4726780012980001
HEAT,100,50,319.0,0.47166485518302603
HEAT,100,50,320.0,0.4706548901496447
HEAT,100,50,321.0,0.46964809620987913
HEAT,100,50,322.0,0.4686444634071124
HEAT,100,50,323.0,0.4676439818159899
HEAT,100,50,324.0,0.46664664154232016
HEAT,100,50,325.0,0.46565243272297807
HEAT,100,50,326.0,0.4646613455258064
HEAT,100,50,327.0,0.46367337014951937
HEAT,100,50,328.0,0.462688496823605
HEAT,100,50,329.0,0.46170671580822886
HEAT,100,50,330.0,0.4607280173941378
HEAT,100,50,331.0,0.459752391902564
HEAT,100,50,332.0,0.45877982968512876
HEAT,100,50,333.0,0.4578103211237474
HEAT,100,50,334.0,0.4568438566305345
HEAT,100,50,335.0,0.45588042664770856
HEAT,100,50,336.0,0.45492002164749745
HEAT,100,50,337.0,0.4539626321320448
HEAT,100,50,338.0,0.45300824863331524
HEAT,100,50,339.0,0.4520568617130014
HEAT,100,50,340.0,0.4511084619624305
HEAT,100,50,341.0,0.45016304000247087
HEAT,100,50,342.0,0.44922058648343954
HEAT,100,50,343.0,0.4482810920850099
HEAT,100,50,344.0,0.4473445475161193
HEAT,100,50,345.0,0.4464109435148771
HEAT,100,50,346.0,0.4454802708484733
HEAT,100,50,347.0,0.444552520313087
HEAT,100,50,348.0,0.4436276827337958
HEAT,100,50,349.0,0.4427057489644842
HEAT,100,50,350.0,0.4417867098877545
HEAT,100,50,351.0,0.4408705564148353
HEAT,100,50,352.0,0.4399572794854921
HEAT,100,50,353.0,0.4390468700679383
HEAT,100,50,354.0,0.43813931915874493
HEAT,100,50,355.0,0.43723461778275197
HEAT,100,50,356.0,0.43633275699298013
HEAT,100,50,357.0,0.43543372787054135
HEAT,100,50,358.0,0.4345375215245516
HEAT,100,50,359.0,0.4336441290920421
HEAT,100,50,360.0,0.4327535417378724
HEAT,100,50,361.0,0.4318657506546423
HEAT,100,50,362.0,0.4309807470626055
HEAT,100,50,363.0,0.43009852220958233
HEAT,100,50,364.0,0.4292190673708729
HEAT,100,50,365.0,0.42834237384917173
HEAT,100,50,366.0,0.42746843297448067
HEAT,100,50,367.0,0.4265972361040241
HEAT,100,50,368.0,0.42572877462216274
HEAT,100,50,369.0,0.42486303994030883
HEAT,100,50,370.0,0.42400002349684107
HEAT,100,50,371.0,0.4231397167570202
HEAT,100,50,372.0,0.42228211121290404
HEAT,100,50,373.0,0.42142719838326403
HEAT,100,50,374.0,0.42057496981350084
HEAT,100,50,375.0,0.41972541707556077
HEAT,100,50,376.0,0.41887853176785284
HEAT,100,50,377.0,0.4180343055151653
HEAT,100,50,378.0,0.41719272996858303
HEAT,100,50,379.0,0.41635379680540474
HEAT,100,50,380.0,0.4155174977290611
HEAT,100,50,381.0,0.41468382446903185
HEAT,100,50,382.0,0.41385276878076516
HEAT,100,50,383.0,0.41302432244559495
HEAT,100,50,384.0,0.4121984772706606
HEAT,100,50,385.0,0.4113752250888252
HEAT,100,50,386.0,0.4105545577585952
HEAT,100,50,387.0,0.40973646716403955
HEAT,100,50,388.0,0.40892094521471
HEAT,100,50,389.0,0.40810798384556046
HEAT,100,50,390.0,0.4072975750168675
HEAT,100,50,391.0,0.4064897107141511
HEAT,100,50,392.0,0.4056843829480947
HEAT,100,50,393.0,0.40488158375446714
HEAT,100,50,394.0,0.40408130519404317
HEAT,100,50,395.0,0.40328353935252514
HEAT,100,50,396.0,0.40248827834046474
HEAT,100,50,397.0,0.40169551429318506
HEAT,100,50,398.0,0.40090523937070277
HEAT,100,50,399.0,0.4001174457576505
HEAT,100,50,400.0,0.39933212566319964
HEAT,100,50,401.0,0.39854927132098317
HEAT,100,50,402.0,0.3977688749890191
HEAT,100,50,403.0,0.3969909289496336
HEAT,100,50,404.0,0.39621542550938504
HEAT,100,50,405.0,0.3954423569989875
HEAT,100,50,406.0,0.39467171577323534
HEAT,100,50,407.0,0.39390349421092696
HEAT,100,50,408.0,0.3931376847147904
HEAT,100,50,409.0,0.39237427971140726
HEAT,100,50,410.0,0.39161327165113846
HEAT,100,50,411.0,0.3908546530080489
HEAT,100,50,412.0,0.39009841627983405
HEAT,100,50,413.0,0.3893445539877447
HEAT,100,50,414.0,0.38859305867651367
HEAT,100,50,415.0,0.38784392291428166
HEAT,100,50,416.0,0.3870971392925242
HEAT,100,50,417.0,0.3863527004259781
HEAT,100,50,418.0,0.3856105989525682
HEAT,100,50,419.0,0.38487082753333524
HEAT,100,50,420.0,0.38413337885236254
HEAT,100,50,421.0,0.3833982456167041
HEAT,100,50,422.0,0.38266542055631236
HEAT,100,50,423.0,0.38193489642396616
HEAT,100,50,424.0,0.3812066659951995
HEAT,100,50,425.0,0.38048072206822936
HEAT,100,50,426.0,0.37975705746388544
HEAT,100,50,427.0,0.3790356650255382
HEAT,100,50,428.0,0.3783165376190286
HEAT,100,50,429.0,0.37759966813259777
HEAT,100,50,430.0,0.3768850494768161
HEAT,100,50,431.0,0.3761726745845134
HEAT,100,50,432.0,0.37546253641070915
HEAT,100,50,433.0,0.37475462793254255
HEAT,100,50,434.0,0.3740489421492035
HEAT,100,50,435.0,0.37334547208186275
HEAT,100,50,436.0,0.37264421077360327
HEAT,100,50,437.0,0.3719451512893516
HEAT,100,50,438.0,0.37124828671580906
HEAT,100,50,439.0,0.3705536101613831
HEAT,100,50,440.0,0.3698611147561195
HEAT,100,50,441.0,0.3691707936516345
HEAT,100,50,442.0,0.3684826400210472
HEAT,100,50,443.0,0.367796647058911
HEAT,100,50,444.0,0.36711280798114787
HEAT,100,50,445.0,0.3664311160249799
HEAT,100,50,446.0,0.36575156444886336
HEAT,100,50,447.0,0.36507414653242154
HEAT,100,50,448.0,0.3643988555763782
HEAT,100,50,449.0,0.36372568490249185
HEAT,100,50,450.0,0.3630546278534892
HEAT,100,50,451.0,0.36238567779299957
HEAT,100,50,452.0,0.36171882810548905
HEAT,100,50,453.0,0.36105407219619534
HEAT,100,50,454.0,0.36039140349106247
HEAT,100,50,455.0,0.3597308154366756
HEAT,100,50,456.0,0.35907230150019637
HEAT,100,50,457.0,0.3584158551692983
HEAT,100,50,458.0,0.35776146995210234
HEAT,100,50,459.0,0.35710913937711264
HEAT,100,50,460.0,0.35645885699315266
HEAT,100,50,461.0,0.355810616369301
HEAT,100,50,462.0,0.35516441109482877
HEAT,100,50,463.0,0.35452023477913475
HEAT,100,50,464.0,0.3538780810516835
HEAT,100,50,465.0,0.35323794356194144
HEAT,100,50,466.0,0.3525998159793149
HEAT,100,50,467.0,0.3519636919930865
HEAT,100,50,468.0,0.3513295653123537
HEAT,100,50,469.0,0.35069742966596595
HEAT,100,50,470.0,0.350067278802463
HEAT,100,50,471.0,0.349439106490013
HEAT,100,50,472.0,0.3488129065163506
HEAT,100,50,473.0,0.348188672688716
HEAT,100,50,474.0,0.3475663988337935
HEAT,100,50,475.0,0.3469460787976501
HEAT,100,50,476.0,0.3463277064456752
HEAT,100,50,477.0,0.3457112756625197
HEAT,100,50,478.0,0.3450967803520353
HEAT,100,50,479.0,0.3444842144372147
HEAT,100,50,480.0,0.343873571860131
HEAT,100,50,481.0,0.3432648465818781
HEAT,100,50,482.0,0.3426580325825108
HEAT,100,50,483.0,0.34205312386098563
HEAT,100,50,484.0,0.34145011443510076
HEAT,100,50,485.0,0.3408489983414378
HEAT,100,50,486.0,0.34024976963530185
HEAT,100,50,487.0,0.33965242239066373
HEAT,100,50,488.0,0.33905695070010045
HEAT,100,50,489.0,0.3384633486747373
HEAT,100,50,490.0,0.33787161044418945
HEAT,100,50,491.0,0.337281730156504
HEAT,100,50,492.0,0.336693701978102
HEAT,100,50,493.0,0.3361075200937208
HEAT,100,50,494.0,0.3355231787063565
HEAT,100,50,495.0,0.33494067203720684
HEAT,100,50,496.0,0.3343599943256137
HEAT,100,50,497.0,0.33378113982900637
HEAT,100,50,498.0,0.33320410282284463
HEAT,100,50,499.0,0.3326288776005623
HEAT,100,50,500.0,0.3320554584735107
HESH,75,10,0.0,1.0
HESH,75,10,1.0,0.8669294100695902
HESH,75,10,2.0,0.7535341333663218
HESH,75,10,3.0,0.6569050526255268
HESH,75,10,4.0,0.5745631816387438
HESH,75,10,5.0,0.5043960677054994
HESH,75,10,6.0,0.4446035973776009
HESH,75,10,7.0,0.39365181516073555
HESH,75,10,8.0,0.35023357040787473
HESH,75,10,9.0,0.3132349828139096
HESH,75,10,10.0,0.28170686619518986
HESH,75,10,11.0,0.2548403774407455
HESH,75,10,12.0,0.23194626591731515
HESH,75,10,13.0,0.21243719097872418
HESH,75,10,14.0,0.19581265394132752
HESH,75,10,15.0,0.18164615796047123
HESH,75,10,16.0,0.16957426639896978
HESH,75,10,17.0,0.1592872789837627
HESH,75,10,18.0,0.15052128655072036
HESH,75,10,19.0,0.14305140054477855
HESH,75,10,20.0,0.13668598358052958
HESH,75,10,21.0,0.1312617330502647
HESH,75,10,22.0,0.1266394916511028
HESH,75,10,23.0,0.1227006773517045
HESH,75,10,24.0,0.11934424121058093
HESH,75,10,25.0,0.11648407499986077
HESH,75,10,26.0,0.11404680212798456
HESH,75,10,27.0,0.1119698951881994
HESH,75,10,28.0,0.11020007183920065
HESH,75,10,29.0,0.108691927864784
HESH,75,10,30.0,0.10740677234411802
HESH,75,10,31.0,0.10631163504932689
HESH,75,10,32.0,0.10537842060550535
HESH,75,10,33.0,0.10458318771342928
HESH,75,10,34.0,0.10390553494366501
HESH,75,10,35.0,0.10332807734483465
HESH,75,10,36.0,0.1028360004386
HESH,75,10,37.0,0.10241668015925845
HESH,75,10,38.0,0.10205935898762995
HESH,75,10,39.0,0.10175486997056062
HESH,75,10,40.0,0.10149540154585654
HESH,75,10,41.0,0.10127429713931213
HESH,75,10,42.0,0.10108588439256225
HESH,75,10,43.0,0.10092532964065726
HESH,75,10,44.0,0.10078851390603243
HESH,75,10,45.0,0.10067192722753902
HESH,75,10,46.0,0.10057257861358466
HESH,75,10,47.0,0.10048791930926106
HESH,75,10,48.0,0.10041577740890349
HESH,75,10,49.0,0.10035430213658958
HESH,75,10,50.0,0.10030191636511226
HESH,75,10,51.0,0.10025727615531767
HESH,75,10,52.0,0.10021923627780306
HESH,75,10,53.0,0.10018682083244596
HESH,75,10,54.0,0.10015919821201831
HESH,75,10,55.0,0.10013565976758594
HESH,75,10,56.0,0.10011560162836096
HESH,75,10,57.0,0.10009850920960217
HESH,75,10,58.0,0.10008394401111846
HESH,75,10,59.0,0.1000715323676955
HESH,75,10,60.0,0.10006095586284178
HESH,75,10,61.0,0.10005194315992169
HESH,75,10,62.0,0.10004426304110656
HESH,75,10,63.0,0.1000377184755597
HESH,75,10,64.0,0.10003214156467748
HESH,75,10,65.0,0.10002738923470757
HESH,75,10,66.0,0.1000233395662406
HESH,75,10,67.0,0.10001988866640908
HESH,75,10,68.0,0.10001694800355132
HESH,75,10,69.0,0.10001444213596164
HESH,75,10,70.0,0.10001230677645911
HESH,75,10,71.0,0.10001048714312183
HESH,75,10,72.0,0.10000893655387527
HESH,75,10,73.0,0.10000761522887958
HESH,75,10,74.0,0.10000648926999128
HESH,75,10,75.0,0.100005529791118
HESH,75,10,76.0,0.10000471217715548
HESH,75,10,77.0,0.10000401545249556
HESH,75,10,78.0,0.10000342174290398
HESH,75,10,79.0,0.10000291581696306
HESH,75,10,80.0,0.10000248469531484
HESH,75,10,81.0,0.10000211731768001
HESH,75,10,82.0,0.10000180425911029
HESH,75,10,83.0,0.10000153748819453
HESH,75,10,84.0,0.10000131016101557
HESH,75,10,85.0,0.10000111644557197
HESH,75,10,86.0,0.10000095137215988
HESH,75,10,87.0,0.10000081070587703
HESH,75,10,88.0,0.10000069083797779
HESH,75,10,89.0,0.10000058869329195
HESH,75,10,90.0,0.10000050165133235
HESH,75,10,91.0,0.1000004274790671
HESH,75,10,92.0,0.10000036427363193
HESH,75,10,93.0,0.10000031041351294
HESH,75,10,94.0,0.10000026451694706
HESH,75,10,95.0,0.10000022540647352
HESH,75,10,96.0,0.1000001920787264
HESH,75,10,97.0,0.1000001636786937
HESH,75,10,98.0,0.10000013947778222
HESH,75,10,99.0,0.10000011885512582
HESH,75,10,100.0,0.10000010128165725
HESH,75,10,101.0,0.10000008630653516
HESH,75,10,102.0,0.10000007354557788
HESH,75,10,103.0,0.1000000626714074
HESH,75,10,104.0,0.10000005340505057
HESH,75,10,105.0,0.10000004550878214
HESH,75,10,106.0,0.10000003878002604
HESH,75,10,107.0,0.10000003304615833
HESH,75,10,108.0,0.10000002816007857
HESH,75,10,109.0,0.10000002399643605
HESH,75,10,110.0,0.10000002044841394
HESH,75,10,111.0,0.10000001742498893
HESH,75,10,112.0,0.1000000148485961
HESH,75,10,113.0,0.10000001265313893
HESH,75,10,114.0,0.10000001078229376
HESH,75,10,115.0,0.10000000918806466
HESH,75,10,116.0,0.10000000782955223
HESH,75,10,117.0,0.1000000066719043
HESH,75,10,118.0,0.10000000568542182
HESH,75,10,119.0,0.10000000484479689
HESH,75,10,120.0,0.10000000412846358
HESH,75,10,121.0,0.1000000035180446
HESH,75,10,122.0,0.10000000299787985
HESH,75,10,123.0,0.1000000025546247
HESH,75,10,124.0,0.10000000217690758
HESH,75,10,125.0,0.10000000185503827
HESH,75,10,126.0,0.10000000158075933
HESH,75,10,127.0,0.10000000134703425
HESH,75,10,128.0,0.10000000114786688
HESH,75,10,129.0,0.10000000097814762
HESH,75,10,130.0,0.10000000083352242
HESH,75,10,131.0,0.10000000071028096
HESH,75,10,132.0,0.10000000060526151
HESH,75,10,133.0,0.10000000051576984
HESH,75,10,134.0,0.10000000043951006
HESH,75,10,135.0,0.10000000037452578
HESH,75,10,136.0,0.10000000031914981
HESH,75,10,137.0,0.10000000027196153
HESH,75,10,138.0,0.10000000023175033
HESH,75,10,139.0,0.1000000001974846
HESH,75,10,140.0,0.10000000016828528
HESH,75,10,141.0,0.10000000014340325
HESH,75,10,142.0,0.1000000001222002
HESH,75,10,143.0,0.10000000010413214
HESH,75,10,144.0,0.10000000008873555
HESH,75,10,145.0,0.10000000007561545
HESH,75,10,146.0,0.10000000006443524
HESH,75,10,147.0,0.10000000005490808
HESH,75,10,148.0,0.10000000004678959
HESH,75,10,149.0,0.10000000003987146
HESH,75,10,150.0,0.10000000003397622
HESH,75,10,151.0,0.10000000002895262
HESH,75,10,152.0,0.1000000000246718
HESH,75,10,153.0,0.10000000002102392
HESH,75,10,154.0,0.10000000001791541
HESH,75,10,155.0,0.1000000000152665
HESH,75,10,156.0,0.10000000001300925
HESH,75,10,157.0,0.10000000001108576
HESH,75,10,158.0,0.10000000000944666
HESH,75,10,159.0,0.10000000000804991
HESH,75,10,160.0,0.10000000000685969
HESH,75,10,161.0,0.10000000000584544
HESH,75,10,162.0,0.10000000000498116
HESH,75,10,163.0,0.10000000000424467
HESH,75,10,164.0,0.10000000000361706
HESH,75,10,165.0,0.10000000000308226
HESH,75,10,166.0,0.10000000000262653
HESH,75,10,167.0,0.10000000000223817
HESH,75,10,168.0,0.10000000000190726
HESH,75,10,169.0,0.10000000000162525
HESH,75,10,170.0,0.10000000000138495
HESH,75,10,171.0,0.10000000000118017
HESH,75,10,172.0,0.10000000000100569
HESH,75,10,173.0,0.10000000000085699
HESH,75,10,174.0,0.10000000000073028
HESH,75,10,175.0,0.1000000000006223
HESH,75,10,176.0,0.10000000000053029
HESH,75,10,177.0,0.10000000000045188
HESH,75,10,178.0,0.10000000000038507
HESH,75,10,179.0,0.10000000000032813
HESH,75,10,180.0,0.10000000000027962
HESH,75,10,181.0,0.10000000000023827
HESH,75,10,182.0,0.10000000000020305
HESH,75,10,183.0,0.10000000000017303
HESH,75,10,184.0,0.10000000000014744
HESH,75,10,185.0,0.10000000000012564
HESH,75,10,186.0,0.10000000000010707
HESH,75,10,187.0,0.10000000000009124
HESH,75,10,188.0,0.10000000000007775
HESH,75,10,189.0,0.10000000000006626
HESH,75,10,190.0,0.10000000000005646
HESH,75,10,191.0,0.1000000000000481
HESH,75,10,192.0,0.100000000000041
HESH,75,10,193.0,0.10000000000003494
HESH,75,10,194.0,0.10000000000002977
HESH,75,10,195.0,0.10000000000002537
HESH,75,10,196.0,0.10000000000002163
HESH,75,10,197.0,0.10000000000001842
HESH,75,10,198.0,0.1000000000000157
HESH,75,10,199.0,0.10000000000001338
HESH,75,10,200.0,0.1000000000000114
HESH,75,10,201.0,0.10000000000000972
HESH,75,10,202.0,0.10000000000000828
HESH,75,10,203.0,0.10000000000000706
HESH,75,10,204.0,0.10000000000000601
HESH,75,10,205.0,0.10000000000000513
HESH,75,10,206.0,0.10000000000000436
HESH,75,10,207.0,0.10000000000000372
HESH,75,10,208.0,0.10000000000000317
HESH,75,10,209.0,0.10000000000000271
HESH,75,10,210.0,0.10000000000000231
HESH,75,10,211.0,0.10000000000000196
HESH,75,10,212.0,0.10000000000000167
HESH,75,10,213.0,0.10000000000000143
HESH,75,10,214.0,0.10000000000000121
HESH,75,10,215.0,0.10000000000000105
HESH,75,10,216.0,0.10000000000000088
HESH,75,10,217.0,0.10000000000000075
HESH,75,10,218.0,0.10000000000000064
HESH,75,10,219.0,0.10000000000000055
HESH,75,10,220.0,0.10000000000000046
HESH,75,10,221.0,0.10000000000000041
HESH,75,10,222.0,0.10000000000000034
HESH,75,10,223.0,0.1000000000000003
HESH,75,10,224.0,0.10000000000000026
HESH,75,10,225.0,0.10000000000000021
HESH,75,10,226.0,0.10000000000000019
HESH,75,10,227.0,0.10000000000000016
HESH,75,10,228.0,0.10000000000000013
HESH,75,10,229.0,0.10000000000000012
HESH,75,10,230.0,0.1000000000000001
HESH,75,10,231.0,0.10000000000000009
HESH,75,10,232.0,0.10000000000000007
HESH,75,10,233.0,0.10000000000000006
HESH,75,10,234.0,0.10000000000000006
HESH,75,10,235.0,0.10000000000000005
HESH,75,10,236.0,0.10000000000000005
HESH,75,10,237.0,0.10000000000000003
HESH,75,10,238.0,0.10000000000000003
HESH,75,10,239.0,0.10000000000000003
HESH,75,10,240.0,0.10000000000000002
HESH,75,10,241.0,0.10000000000000002
HESH,75,10,242.0,0.10000000000000002
HESH,75,10,243.0,0.10000000000000002
HESH,75,10,244.0,0.10000000000000002
HESH,75,10,245.0,0.10000000000000002
HESH,75,10,246.0,0.10000000000000002
HESH,75,10,247.0,0.1
HESH,75,10,248.0,0.1
HESH,75,10,249.0,0.1
HESH,75,10,250.0,0.1
HESH,75,10,251.0,0.1
HESH,75,10,252.0,0.1
HESH,75,10,253.0,0.1
HESH,75,10,254.0,0.1
HESH,75,10,255.0,0.1
HESH,75,10,256.0,0.1
HESH,75,10,257.0,0.1
HESH,75,10,258.0,0.1
HESH,75,10,259.0,0.1
HESH,75,10,260.0,0.1
HESH,75,10,261.0,0.1
HESH,75,10,262.0,0.1
HESH,75,10,263.0,0.1
HESH,75,10,264.0,0.1
HESH,75,10,265.0,0.1
HESH,75,10,266.0,0.1
HESH,75,10,267.0,0.1
HESH,75,10,268.0,0.1
HESH,75,10,269.0,0.1
HESH,75,10,270.0,0.1
HESH,75,10,271.0,0.1
HESH,75,10,272.0,0.1
HESH,75,10,273.0,0.1
HESH,75,10,274.0,0.1
HESH,75,10,275.0,0.1
HESH,75,10,276.0,0.1
HESH,75,10,277.0,0.1
HESH,75,10,278.0,0.1
HESH,75,10,279.0,0.1
HESH,75,10,280.0,0.1
HESH,75,10,281.0,0.1
HESH,75,10,282.0,0.1
HESH,75,10,283.0,0.1
HESH,75,10,284.0,0.1
HESH,75,10,285.0,0.1
HESH,75,10,286.0,0.1
HESH,75,10,287.0,0.1
HESH,75,10,288.0,0.1
HESH,75,10,289.0,0.1
HESH,75,10,290.0,0.1
HESH,75,10,291.0,0.1
HESH,75,10,292.0,0.1
HESH,75,10,293.0,0.1
HESH,75,10,294.0,0.1
HESH,75,10,295.0,0.1
HESH,75,10,296.0,0.1
HESH,75,10,297.0,0.1
HESH,75,10,298.0,0.1
HESH,75,10,299.0,0.1
HESH,75,10,300.0,0.1
HESH,75,10,301.0,0.1
HESH,75,10,302.0,0.1
HESH,75,10,303.0,0.1
HESH,75,10,304.0,0.1
HESH,75,10,305.0,0.1
HESH,75,10,306.0,0.1
HESH,75,10,307.0,0.1
HESH,75,10,308.0,0.1
HESH,75,10,309.0,0.1
HESH,75,10,310.0,0.1
HESH,75,10,311.0,0.1
HESH,75,10,312.0,0.1
HESH,75,10,313.0,0.1
HESH,75,10,314.0,0.1
HESH,75,10,315.0,0.1
HESH,75,10,316.0,0.1
HESH,75,10,317.0,0.1
HESH,75,10,318.0,0.1
HESH,75,10,319.0,0.1
HESH,75,10,320.0,0.1
HESH,75,10,321.0,0.1
HESH,75,10,322.0,0.1
HESH,75,10,323.0,0.1
HESH,75,10,324.0,0.1
HESH,75,10,325.0,0.1
HESH,75,10,326.0,0.1
HESH,75,10,327.0,0.1
HESH,75,10,328.0,0.1
HESH,75,10,329.0,0.1
HESH,75,10,330.0,0.1
HESH,75,10,331.0,0.1
HESH,75,10,332.0,0.1
HESH,75,10,333.0,0.1
HESH,75,10,334.0,0.1
HESH,75,10,335.0,0.1
HESH,75,10,336.0,0.1
HESH,75,10,337.0,0.1
HESH,75,10,338.0,0.1
HESH,75,10,339.0,0.1
HESH,75,10,340.0,0.1
HESH,75,10,341.0,0.1
HESH,75,10,342.0,0.1
HESH,75,10,343.0,0.1
HESH,75,10,344.0,0.1
HESH,75,10,345.0,0.1
HESH,75,10,346.0,0.1
HESH,75,10,347.0,0.1
HESH,75,10,348.0,0.1
HESH,75,10,349.0,0.1
HESH,75,10,350.0,0.1
HESH,75,10,351.0,0.1
HESH,75,10,352.0,0.1
HESH,75,10,353.0,0.1
HESH,75,10,354.0,0.1
HESH,75,10,355.0,0.1
HESH,75,10,356.0,0.1
HESH,75,10,357.0,0.1
HESH,75,10,358.0,0.1
HESH,75,10,359.0,0.1
HESH,75,10,360.0,0.1
HESH,75,10,361.0,0.1
HESH,75,10,362.0,0.1
HESH,75,10,363.0,0.1
HESH,75,10,364.0,0.1
HESH,75,10,365.0,0.1
HESH,75,10,366.0,0.1
HESH,75,10,367.0,0.1
HESH,75,10,368.0,0.1
HESH,75,10,369.0,0.1
HESH,75,10,370.0,0.1
HESH,75,10,371.0,0.1
HESH,75,10,372.0,0.1
HESH,75,10,373.0,0.1
HESH,75,10,374.0,0.1
HESH,75,10,375.0,0.1
HESH,75,10,376.0,0.1
HESH,75,10,377.0,0.1
HESH,75,10,378.0,0.1
HESH,75,10,379.0,0.1
HESH,75,10,380.0,0.1
HESH,75,10,381.0,0.1
HESH,75,10,382.0,0.1
HESH,75,10,383.0,0.1
HESH,75,10,384.0,0.1
HESH,75,10,385.0,0.1
HESH,75,10,386.0,0.1
HESH,75,10,387.0,0.1
HESH,75,10,388.0,0.1
HESH,75,10,389.0,0.1
HESH,75,10,390.0,0.1
HESH,75,10,391.0,0.1
HESH,75,10,392.0,0.1
HESH,75,10,393.0,0.1
HESH,75,10,394.0,0.1
HESH,75,10,395.0,0.1
HESH,75,10,396.0,0.1
HESH,75,10,397.0,0.1
HESH,75,10,398.0,0.1
HESH,75,10,399.0,0.1
HESH,75,10,400.0,0.1
HESH,75,10,401.0,0.1
HESH,75,10,402.0,0.1
HESH,75,10,403.0,0.1
HESH,75,10,404.0,0.1
HESH,75,10,405.0,0.1
HESH,75,10,406.0,0.1
HESH,75,10,407.0,0.1
HESH,75,10,408.0,0.1
HESH,75,10,409.0,0.1
HESH,75,10,410.0,0.1
HESH,75,10,411.0,0.1
HESH,75,10,412.0,0.1
HESH,75,10,413.0,0.1
HESH,75,10,414.0,0.1
HESH,75,10,415.0,0.1
HESH,75,10,416.0,0.1
HESH,75,10,417.0,0.1
HESH,75,10,418.0,0.1
HESH,75,10,419.0,0.1
HESH,75,10,420.0,0.1
HESH,75,10,421.0,0.1
HESH,75,10,422.0,0.1
HESH,75,10,423.0,0.1
HESH,75,10,424.0,0.1
HESH,75,10,425.0,0.1
HESH,75,10,426.0,0.1
HESH,75,10,427.0,0.1
HESH,75,10,428.0,0.1
HESH,75,10,429.0,0.1
HESH,75,10,430.0,0.1
HESH,75,10,431.0,0.1
HESH,75,10,432.0,0.1
HESH,75,10,433.0,0.1
HESH,75,10,434.0,0.1
HESH,75,10,435.0,0.1
HESH,75,10,436.0,0.1
HESH,75,10,437.0,0.1
HESH,75,10,438.0,0.1
HESH,75,10,439.0,0.1
HESH,75,10,440.0,0.1
HESH,75,10,441.0,0.1
HESH,75,10,442.0,0.1
HESH,75,10,443.0,0.1
HESH,75,10,444.0,0.1
HESH,75,10,445.0,0.1
HESH,75,10,446.0,0.1
HESH,75,10,447.0,0.1
HESH,75,10,448.0,0.1
HESH,75,10,449.0,0.1
HESH,75,10,450.0,0.1
HESH,75,10,451.0,0.1
HESH,75,10,452.0,0.1
HESH,75,10,453.0,0.1
HESH,75,10,454.0,0.1
HESH,75,10,455.0,0.1
HESH,75,10,456.0,0.1
HESH,75,10,457.0,0.1
HESH,75,10,458.0,0.1
HESH,75,10,459.0,0.1
HESH,75,10,460.0,0.1
HESH,75,10,461.0,0.1
HESH,75,10,462.0,0.1
HESH,75,10,463.0,0.1
HESH,75,10,464.0,0.1
HESH,75,10,465.0,0.1
HESH,75,10,466.0,0.1
HESH,75,10,467.0,0.1
HESH,75,10,468.0,0.1
HESH,75,10,469.0,0.1
HESH,75,10,470.0,0.1
HESH,75,10,471.0,0.1
HESH,75,10,472.0,0.1
HESH,75,10,473.0,0.1
HESH,75,10,474.0,0.1
HESH,75,10,475.0,0.1
HESH,75,10,476.0,0.1
HESH,75,10,477.0,0.1
HESH,75,10,478.0,0.1
HESH,75,10,479.0,0.1
HESH,75,10,480.0,0.1
HESH,75,10,481.0,0.1
HESH,75,10,482.0,0.1
HESH,75,10,483.0,0.1
HESH,75,10,484.0,0.1
HESH,75,10,485.0,0.1
HESH,75,10,486.0,0.1
HESH,75,10,487.0,0.1
HESH,75,10,488.0,0.1
HESH,75,10,489.0,0.1
HESH,75,10,490.0,0.1
HESH,75,10,491.0,0.1
HESH,75,10,492.0,0.1
HESH,75,10,493.0,0.1
HESH,75,10,494.0,0.1
HESH,75,10,495.0,0.1
HESH,75,10,496.0,0.1
HESH,75,10,497.0,0.1
HESH,75,10,498.0,0.1
HESH,75,10,499.0,0.1
HESH,75,10,500.0,0.1
HESH,100,10,0.0,1.0
HESH,100,10,1.0,0.8982283930454418
HESH,100,10,2.0,0.8079650749598981
HESH,100,10,3.0,0.727908693463928
HESH,100,10,4.0,0.6569050526255268
HESH,100,10,5.0,0.5939304724846237
HESH,100,10,6.0,0.5380770303639745
HESH,100,10,7.0,0.4885394710861717
HESH,100,10,8.0,0.4446035973776009
HESH,100,10,9.0,0.4056359730804452
HESH,100,10,10.0,0.3710747907209818
HESH,100,10,11.0,0.3404217717692653
HESH,100,10,12.0,0.3132349828139096
HESH,100,10,13.0,0.28912246408068826
HESH,100,10,14.0,0.26773657843546894
HESH,100,10,15.0,0.24876899939942793
HESH,100,10,16.0,0.23194626591731515
HESH,100,10,17.0,0.21702583979058332
HESH,100,10,18.0,0.20379260893425627
HESH,100,10,19.0,0.1920557860439837
HESH,100,10,20.0,0.18164615796047123
HESH,100,10,21.0,0.1724136460745792
HESH,100,10,22.0,0.16422514260074744
HESH,100,10,23.0,0.15696259152367664
HESH,100,10,24.0,0.15052128655072036
HESH,100,10,25.0,0.14480836153107757
HESH,100,10,26.0,0.13974145157772358
HESH,100,10,27.0,0.13524750558908838
HESH,100,10,28.0,0.1312617330502647
HESH,100,10,29.0,0.12772666992947598
HESH,100,10,30.0,0.12459135020256332
HESH,100,10,31.0,0.12181057106112202
HESH,100,10,32.0,0.11934424121058093
HESH,100,10,33.0,0.11715680286245048
HESH,100,10,34.0,0.11521671908743475
HESH,100,10,35.0,0.11349601913842995
HESH,100,10,36.0,0.1119698951881994
HESH,100,10,37.0,0.11061634466777642
HESH,100,10,38.0,0.10941585304908412
HESH,100,10,39.0,0.10835111249835827
HESH,100,10,40.0,0.10740677234411802
HESH,100,10,41.0,0.10656921776210973
HESH,100,10,42.0,0.10582637348646047
HESH,100,10,43.0,0.10516752971708879
HESH,100,10,44.0,0.10458318771342928
HESH,100,10,45.0,0.10406492284835141
HESH,100,10,46.0,0.10360526314788138
HESH,100,10,47.0,0.10319758156559923
HESH,100,10,48.0,0.1028360004386
HESH,100,10,49.0,0.10251530674753316
HESH,100,10,50.0,0.10223087695899973
HESH,100,10,51.0,0.10197861036673829
HESH,100,10,52.0,0.10175486997056062
HESH,100,10,53.0,0.10155643004067144
HESH,100,10,54.0,0.10138042961139203
HESH,100,10,55.0,0.10122433123379311
HESH,100,10,56.0,0.10108588439256225
HESH,100,10,57.0,0.10096309305967564
HESH,100,10,58.0,0.1008541869170868
HESH,100,10,59.0,0.1007575958335407
HESH,100,10,60.0,0.10067192722753902
HESH,100,10,61.0,0.10059594599009106
HESH,100,10,62.0,0.1005285566777914
HESH,100,10,63.0,0.10046878771949652
HESH,100,10,64.0,0.10041577740890349
HESH,100,10,65.0,0.10036876148108181
HESH,100,10,66.0,0.10032706209384555
HESH,100,10,67.0,0.10029007805510712
HESH,100,10,68.0,0.10025727615531767
HESH,100,10,69.0,0.10022818348003126
HESH,100,10,70.0,0.10020238059176097
HESH,100,10,71.0,0.10017949548282772
HESH,100,10,72.0,0.10015919821201831
HESH,100,10,73.0,0.10014119614772787
HESH,100,10,74.0,0.10012522974900559
HESH,100,10,75.0,0.10011106882367801
HESH,100,10,76.0,0.10009850920960217
HESH,100,10,77.0,0.10008736983120102
HESH,100,10,78.0,0.10007749008884471
HESH,100,10,79.0,0.1000687275434394
HESH,100,10,80.0,0.10006095586284178
HESH,100,10,81.0,0.10005406300049209
HESH,100,10,82.0,0.10004794958000669
HESH,100,10,83.0,0.10004252746243994
HESH,100,10,84.0,0.1000377184755597
HESH,100,10,85.0,0.10003345328681572
HESH,100,10,86.0,0.10002967040375223
HESH,100,10,87.0,0.1000263152874535
HESH,100,10,88.0,0.1000233395662406
HESH,100,10,89.0,0.10002070033828289
HESH,100,10,90.0,0.10001835955307006
HESH,100,10,91.0,0.10001628346282683
HESH,100,10,92.0,0.10001444213596164
HESH,100,10,93.0,0.10001280902553422
HESH,100,10,94.0,0.10001136058652074
HESH,100,10,95.0,0.10001007593635834
HESH,100,10,96.0,0.10000893655387527
HESH,100,10,97.0,0.1000079260122658
HESH,100,10,98.0,0.10000702974226021
HESH,100,10,99.0,0.10000623482207543
HESH,100,10,100.0,0.100005529791118
HESH,100,10,101.0,0.10000490448475333
HESH,100,10,102.0,0.1000043498877593
HESH,100,10,103.0,0.10000385800435115
HESH,100,10,104.0,0.10000342174290398
HESH,100,10,105.0,0.10000303481371073
HESH,100,10,106.0,0.10000269163830168
HESH,100,10,107.0,0.10000238726901801
HESH,100,10,108.0,0.10000211731768001
HESH,100,10,109.0,0.10000187789232143
HESH,100,10,110.0,0.10000166554107782
HESH,100,10,111.0,0.10000147720242011
HESH,100,10,112.0,0.10000131016101557
HESH,100,10,113.0,0.1000011620085801
HESH,100,10,114.0,0.10000103060915734
HESH,100,10,115.0,0.10000091406832391
HESH,100,10,116.0,0.10000081070587703
HESH,100,10,117.0,0.10000071903161051
HESH,100,10,118.0,0.10000063772383
HESH,100,10,119.0,0.10000056561029781
HESH,100,10,120.0,0.10000050165133235
HESH,100,10,121.0,0.10000044492481877
HESH,100,10,122.0,0.10000039461291457
HESH,100,10,123.0,0.10000034999025852
HESH,100,10,124.0,0.10000031041351294
HESH,100,10,125.0,0.10000027531208845
HESH,100,10,126.0,0.10000024417991774
HESH,100,10,127.0,0.10000021656815927
HESH,100,10,128.0,0.1000001920787264
HESH,100,10,129.0,0.1000001703585479
HESH,100,10,130.0,0.1000001510944777
HESH,100,10,131.0,0.10000013400878015
HESH,100,10,132.0,0.10000011885512582
HESH,100,10,133.0,0.10000010541504009
HESH,100,10,134.0,0.1000000934947534
HESH,100,10,135.0,0.10000008292240752
HESH,100,10,136.0,0.10000007354557788
HESH,100,10,137.0,0.10000006522907606
HESH,100,10,138.0,0.10000005785300063
HESH,100,10,139.0,0.10000005131100859
HESH,100,10,140.0,0.10000004550878214
HESH,100,10,141.0,0.10000004036266893
HESH,100,10,142.0,0.10000003579847595
HESH,100,10,143.0,0.10000003175039993
HESH,100,10,144.0,0.10000002816007857
HESH,100,10,145.0,0.10000002497574918
HESH,100,10,146.0,0.10000002215150237
HESH,100,10,147.0,0.10000001964662016
HESH,100,10,148.0,0.10000001742498893
HESH,100,10,149.0,0.1000000154545788
HESH,100,10,150.0,0.10000001370698178
HESH,100,10,151.0,0.10000001215700226
HESH,100,10,152.0,0.10000001078229376
HESH,100,10,153.0,0.10000000956303669
HESH,100,10,154.0,0.10000000848165268
HESH,100,10,155.0,0.1000000075225511
HESH,100,10,156.0,0.1000000066719043
HESH,100,10,157.0,0.10000000591744829
HESH,100,10,158.0,0.10000000524830581
HESH,100,10,159.0,0.10000000465482968
HESH,100,10,160.0,0.10000000412846358
HESH,100,10,161.0,0.10000000366161872
HESH,100,10,162.0,0.10000000324756447
HESH,100,10,163.0,0.1000000028803313
HESH,100,10,164.0,0.1000000025546247
HESH,100,10,165.0,0.10000000226574886
HESH,100,10,166.0,0.10000000200953896
HESH,100,10,167.0,0.10000000178230117
HESH,100,10,168.0,0.10000000158075933
HESH,100,10,169.0,0.10000000140200777
HESH,100,10,170.0,0.10000000124346933
HESH,100,10,171.0,0.10000000110285837
HESH,100,10,172.0,0.10000000097814762
HESH,100,10,173.0,0.10000000086753912
HESH,100,10,174.0,0.10000000076943817
HESH,100,10,175.0,0.10000000068243044
HESH,100,10,176.0,0.10000000060526151
HESH,100,10,177.0,0.1000000005368188
HESH,100,10,178.0,0.10000000047611557
HESH,100,10,179.0,0.10000000042227662
HESH,100,10,180.0,0.10000000037452578
HESH,100,10,181.0,0.10000000033217456
HESH,100,10,182.0,0.10000000029461241
HESH,100,10,183.0,0.10000000026129777
HESH,100,10,184.0,0.10000000023175033
HESH,100,10,185.0,0.1000000002055441
HESH,100,10,186.0,0.10000000018230126
HESH,100,10,187.0,0.10000000016168673
HESH,100,10,188.0,0.10000000014340325
HESH,100,10,189.0,0.10000000012718728
HESH,100,10,190.0,0.100000000112805
HESH,100,10,191.0,0.10000000010004906
HESH,100,10,192.0,0.10000000008873555
HESH,100,10,193.0,0.10000000007870138
HESH,100,10,194.0,0.10000000006980186
HESH,100,10,195.0,0.10000000006190869
HESH,100,10,196.0,0.10000000005490808
HESH,100,10,197.0,0.1000000000486991
HESH,100,10,198.0,0.10000000004319223
HESH,100,10,199.0,0.10000000003830807
HESH,100,10,200.0,0.10000000003397622
HESH,100,10,201.0,0.1000000000301342
HESH,100,10,202.0,0.10000000002672664
HESH,100,10,203.0,0.1000000000237044
HESH,100,10,204.0,0.10000000002102392
HESH,100,10,205.0,0.10000000001864655
HESH,100,10,206.0,0.100000000016538
HESH,100,10,207.0,0.1000000000146679
HESH,100,10,208.0,0.10000000001300925
HESH,100,10,209.0,0.10000000001153818
HESH,100,10,210.0,0.10000000001023344
HESH,100,10,211.0,0.10000000000907625
HESH,100,10,212.0,0.10000000000804991
HESH,100,10,213.0,0.10000000000713963
HESH,100,10,214.0,0.10000000000633229
HESH,100,10,215.0,0.10000000000561624
HESH,100,10,216.0,0.10000000000498116
HESH,100,10,217.0,0.10000000000441789
HESH,100,10,218.0,0.10000000000391832
HESH,100,10,219.0,0.10000000000347524
HESH,100,10,220.0,0.10000000000308226
HESH,100,10,221.0,0.10000000000273372
HESH,100,10,222.0,0.1000000000024246
HESH,100,10,223.0,0.10000000000215042
HESH,100,10,224.0,0.10000000000190726
HESH,100,10,225.0,0.10000000000169158
HESH,100,10,226.0,0.1000000000015003
HESH,100,10,227.0,0.10000000000133065
HESH,100,10,228.0,0.10000000000118017
HESH,100,10,229.0,0.10000000000104672
HESH,100,10,230.0,0.10000000000092836
HESH,100,10,231.0,0.10000000000082339
HESH,100,10,232.0,0.10000000000073028
HESH,100,10,233.0,0.1000000000006477
HESH,100,10,234.0,0.10000000000057446
HESH,100,10,235.0,0.1000000000005095
HESH,100,10,236.0,0.10000000000045188
HESH,100,10,237.0,0.10000000000040078
HESH,100,10,238.0,0.10000000000035547
HESH,100,10,239.0,0.10000000000031527
HESH,100,10,240.0,0.10000000000027962
HESH,100,10,241.0,0.100000000000248
HESH,100,10,242.0,0.10000000000021995
HESH,100,10,243.0,0.10000000000019509
HESH,100,10,244.0,0.10000000000017303
HESH,100,10,245.0,0.10000000000015347
HESH,100,10,246.0,0.1000000000001361
HESH,100,10,247.0,0.10000000000012071
HESH,100,10,248.0,0.10000000000010707
HESH,100,10,249.0,0.10000000000009496
HESH,100,10,250.0,0.10000000000008423
HESH,100,10,251.0,0.1000000000000747
HESH,100,10,252.0,0.10000000000006626
HESH,100,10,253.0,0.10000000000005876
HESH,100,10,254.0,0.10000000000005212
HESH,100,10,255.0,0.10000000000004623
HESH,100,10,256.0,0.100000000000041
HESH,100,10,257.0,0.10000000000003637
HESH,100,10,258.0,0.10000000000003226
HESH,100,10,259.0,0.10000000000002861
HESH,100,10,260.0,0.10000000000002537
HESH,100,10,261.0,0.1000000000000225
HESH,100,10,262.0,0.10000000000001996
HESH,100,10,263.0,0.1000000000000177
HESH,100,10,264.0,0.1000000000000157
HESH,100,10,265.0,0.10000000000001392
HESH,100,10,266.0,0.10000000000001236
HESH,100,10,267.0,0.10000000000001096
HESH,100,10,268.0,0.10000000000000972
HESH,100,10,269.0,0.10000000000000862
HESH,100,10,270.0,0.10000000000000765
HESH,100,10,271.0,0.10000000000000678
HESH,100,10,272.0,0.10000000000000601
HESH,100,10,273.0,0.10000000000000533
HESH,100,10,274.0,0.10000000000000474
HESH,100,10,275.0,0.1000000000000042
HESH,100,10,276.0,0.10000000000000372
HESH,100,10,277.0,0.10000000000000331
HESH,100,10,278.0,0.10000000000000293
HESH,100,10,279.0,0.1000000000000026
HESH,100,10,280.0,0.10000000000000231
HESH,100,10,281.0,0.10000000000000205
HESH,100,10,282.0,0.10000000000000181
HESH,100,10,283.0,0.10000000000000162
HESH,100,10,284.0,0.10000000000000143
HESH,100,10,285.0,0.10000000000000127
HESH,100,10,286.0,0.10000000000000113
HESH,100,10,287.0,0.100000000000001
HESH,100,10,288.0,0.10000000000000088
HESH,100,10,289.0,0.10000000000000078
HESH,100,10,290.0,0.1000000000000007
HESH,100,10,291.0,0.10000000000000062
HESH,100,10,292.0,0.10000000000000055
HESH,100,10,293.0,0.10000000000000049
HESH,100,10,294.0,0.10000000000000044
HESH,100,10,295.0,0.10000000000000038
HESH,100,10,296.0,0.10000000000000034
HESH,100,10,297.0,0.10000000000000031
HESH,100,10,298.0,0.10000000000000027
HESH,100,10,299.0,0.10000000000000024
HESH,100,10,300.0,0.10000000000000021
HESH,100,10,301.0,0.10000000000000019
HESH,100,10,302.0,0.10000000000000017
HESH,100,10,303.0,0.10000000000000014
HESH,100,10,304.0,0.10000000000000013
HESH,100,10,305.0,0.10000000000000012
HESH,100,10,306.0,0.1000000000000001
HESH,100,10,307.0,0.10000000000000009
HESH,100,10,308.0,0.10000000000000009
HESH,100,10,309.0,0.10000000000000007
HESH,100,10,310.0,0.10000000000000007
HESH,100,10,311.0,0.10000000000000006
HESH,100,10,312.0,0.10000000000000006
HESH,100,10,313.0,0.10000000000000005
HESH,100,10,314.0,0.10000000000000005
HESH,100,10,315.0,0.10000000000000003
HESH,100,10,316.0,0.10000000000000003
HESH,100,10,317.0,0.10000000000000003
HESH,100,10,318.0,0.10000000000000003
HESH,100,10,319.0,0.10000000000000003
HESH,100,10,320.0,0.10000000000000002
HESH,100,10,321.0,0.10000000000000002
HESH,100,10,322.0,0.10000000000000002
HESH,100,10,323.0,0.10000000000000002
HESH,100,10,324.0,0.10000000000000002
HESH,100,10,325.0,0.10000000000000002
HESH,100,10,326.0,0.10000000000000002
HESH,100,10,327.0,0.10000000000000002
HESH,100,10,328.0,0.10000000000000002
HESH,100,10,329.0,0.1
HESH,100,10,330.0,0.1
HESH,100,10,331.0,0.1
HESH,100,10,332.0,0.1
HESH,100,10,333.0,0.1
HESH,100,10,334.0,0.1
HESH,100,10,335.0,0.1
HESH,100,10,336.0,0.1
HESH,100,10,337.0,0.1
HESH,100,10,338.0,0.1
HESH,100,10,339.0,0.1
HESH,100,10,340.0,0.1
HESH,100,10,341.0,0.1
HESH,100,10,342.0,0.1
HESH,100,10,343.0,0.1
HESH,100,10,344.0,0.1
HESH,100,10,345.0,0.1
HESH,100,10,346.0,0.1
HESH,100,10,347.0,0.1
HESH,100,10,348.0,0.1
HESH,100,10,349.0,0.1
HESH,100,10,350.0,0.1
HESH,100,10,351.0,0.1
HESH,100,10,352.0,0.1
HESH,100,10,353.0,0.1
HESH,100,10,354.0,0.1
HESH,100,10,355.0,0.1
HESH,100,10,356.0,0.1
HESH,100,10,357.0,0.1
HESH,100,10,358.0,0.1
HESH,100,10,359.0,0.1
HESH,100,10,360.0,0.1
HESH,100,10,361.0,0.1
HESH,100,10,362.0,0.1
HESH,100,10,363.0,0.1
HESH,100,10,364.0,0.1
HESH,100,10,365.0,0.1
HESH,100,10,366.0,0.1
HESH,100,10,367.0,0.1
HESH,100,10,368.0,0.1
HESH,100,10,369.0,0.1
HESH,100,10,370.0,0.1
HESH,100,10,371.0,0.1
HESH,100,10,372.0,0.1
HESH,100,10,373.0,0.1
HESH,100,10,374.0,0.1
HESH,100,10,375.0,0.1
HESH,100,10,376.0,0.1
HESH,100,10,377.0,0.1
HESH,100,10,378.0,0.1
HESH,100,10,379.0,0.1
HESH,100,10,380.0,0.1
HESH,100,10,381.0,0.1
HESH,100,10,382.0,0.1
HESH,100,10,383.0,0.1
HESH,100,10,384.0,0.1
HESH,100,10,385.0,0.1
HESH,100,10,386.0,0.1
HESH,100,10,387.0,0.1
HESH,100,10,388.0,0.1
HESH,100,10,389.0,0.1
HESH,100,10,390.0,0.1
HESH,100,10,391.0,0.1
HESH,100,10,392.0,0.1
HESH,100,10,393.0,0.1
HESH,100,10,394.0,0.1
HESH,100,10,395.0,0.1
HESH,100,10,396.0,0.1
HESH,100,10,397.0,0.1
HESH,100,10,398.0,0.1
HESH,100,10,399.0,0.1
HESH,100,10,400.0,0.1
HESH,100,10,401.0,0.1
HESH,100,10,402.0,0.1
HESH,100,10,403.0,0.1
HESH,100,10,404.0,0.1
HESH,100,10,405.0,0.1
HESH,100,10,406.0,0.1
HESH,100,10,407.0,0.1
HESH,100,10,408.0,0.1
HESH,100,10,409.0,0.1
HESH,100,10,410.0,0.1
HESH,100,10,411.0,0.1
HESH,100,10,412.0,0.1
HESH,100,10,413.0,0.1
HESH,100,10,414.0,0.1
HESH,100,10,415.0,0.1
HESH,100,10,416.0,0.1
HESH,100,10,417.0,0.1
HESH,100,10,418.0,0.1
HESH,100,10,419.0,0.1
HESH,100,10,420.0,0.1
HESH,100,10,421.0,0.1
HESH,100,10,422.0,0.1
HESH,100,10,423.0,0.1
HESH,100,10,424.0,0.1
HESH,100,10,425.0,0.1
HESH,100,10,426.0,0.1
HESH,100,10,427.0,0.1
HESH,100,10,428.0,0.1
HESH,100,10,429.0,0.1
HESH,100,10,430.0,0.1
HESH,100,10,431.0,0.1
HESH,100,10,432.0,0.1
HESH,100,10,433.0,0.1
HESH,100,10,434.0,0.1
HESH,100,10,435.0,0.1
HESH,100,10,436.0,0.1
HESH,100,10,437.0,0.1
HESH,100,10,438.0,0.1
HESH,100,10,439.0,0.1
HESH,100,10,440.0,0.1
HESH,100,10,441.0,0.1
HESH,100,10,442.0,0.1
HESH,100,10,443.0,0.1
HESH,100,10,444.0,0.1
HESH,100,10,445.0,0.1
HESH,100,10,446.0,0.1
HESH,100,10,447.0,0.1
HESH,100,10,448.0,0.1
HESH,100,10,449.0,0.1
HESH,100,10,450.0,0.1
HESH,100,10,451.0,0.1
HESH,100,10,452.0,0.1
HESH,100,10,453.0,0.1
HESH,100,10,454.0,0.1
HESH,100,10,455.0,0.1
HESH,100,10,456.0,0.1
HESH,100,10,457.0,0.1
HESH,100,10,458.0,0.1
HESH,100,10,459.0,0.1
HESH,100,10,460.0,0.1
HESH,100,10,461.0,0.1
HESH,100,10,462.0,0.1
HESH,100,10,463.0,0.1
HESH,100,10,464.0,0.1
HESH,100,10,465.0,0.1
HESH,100,10,466.0,0.1
HESH,100,10,467.0,0.1
HESH,100,10,468.0,0.1
HESH,100,10,469.0,0.1
HESH,100,10,470.0,0.1
HESH,100,10,471.0,0.1
HESH,100,10,472.0,0.1
HESH,100,10,473.0,0.1
HESH,100,10,474.0,0.1
HESH,100,10,475.0,0.1
HESH,100,10,476.0,0.1
HESH,100,10,477.0,0.1
HESH,100,10,478.0,0.1
HESH,100,10,479.0,0.1
HESH,100,10,480.0,0.1
HESH,100,10,481.0,0.1
HESH,100,10,482.0,0.1
HESH,100,10,483.0,0.1
HESH,100,10,484.0,0.1
HESH,100,10,485.0,0.1
HESH,100,10,486.0,0.1
HESH,100,10,487.0,0.1
HESH,100,10,488.0,0.1
HESH,100,10,489.0,0.1
HESH,100,10,490.0,0.1
HESH,100,10,491.0,0.1
HESH,100,10,492.0,0.1
HESH,100,10,493.0,0.1
HESH,100,10,494.0,0.1
HESH,100,10,495.0,0.1
HESH,100,10,496.0,0.1
HESH,100,10,497.0,0.1
HESH,100,10,498.0,0.1
HESH,100,10,499.0,0.1
HESH,100,10,500.0,0.1
HESH,125,10,0.0,1.0
HESH,125,10,1.0,0.9176176144618355
HESH,125,10,2.0,0.8427761816425141
HESH,125,10,3.0,0.7747854330151371
HESH,125,10,4.0,0.7130182844615924
HESH,125,10,5.0,0.6569050526255268
HESH,125,10,6.0,0.6059282006771401
HESH,125,10,7.0,0.559617565029569
HESH,125,10,8.0,0.5175460189824821
HESH,125,10,9.0,0.47932553329832583
HESH,125,10,10.0,0.4446035973776009
HESH,125,10,11.0,0.4130599680253787
HESH,125,10,12.0,0.3844037158226762
HESH,125,10,13.0,0.3583705418611315
HESH,125,10,14.0,0.3347203400930113
HESH,125,10,15.0,0.3132349828139096
HESH,125,10,16.0,0.29371630885346584
HESH,125,10,17.0,0.2759842959190254
HESH,125,10,18.0,0.2598754002356215
HESH,125,10,19.0,0.24524104816864448
HESH,125,10,20.0,0.23194626591731515
HESH,125,10,21.0,0.21986843464051353
HESH,125,10,22.0,0.20889615953339014
HESH,125,10,23.0,0.19892824242416213
HESH,125,10,24.0,0.18987274841527285
HESH,125,10,25.0,0.18164615796047123
HESH,125,10,26.0,0.17417259655734968
HESH,125,10,27.0,0.16738313495073376
HESH,125,10,28.0,0.1612151533926432
HESH,125,10,29.0,0.15561176409534253
HESH,125,10,30.0,0.15052128655072036
HESH,125,10,31.0,0.14589677087682532
HESH,125,10,32.0,0.14169556479534595
HESH,125,10,33.0,0.13787892024623294
HESH,125,10,34.0,0.134411636011239
HESH,125,10,35.0,0.1312617330502647
HESH,125,10,36.0,0.12840015955611128
HESH,125,10,37.0,0.1258005230073369
HESH,125,10,38.0,0.12343884674791834
HESH,125,10,39.0,0.12129334884863283
HESH,125,10,40.0,0.11934424121058093
HESH,125,10,41.0,0.11757354705796613
HESH,125,10,42.0,0.1159649351368523
HESH,125,10,43.0,0.11450356909070124
HESH,125,10,44.0,0.1131759706234684
HESH,125,10,45.0,0.1119698951881994
HESH,125,10,46.0,0.1108742190545931
HESH,125,10,47.0,0.10987883671394649
HESH,125,10,48.0,0.10897456767523882
HESH,125,10,49.0,0.10815307179272785
HESH,125,10,50.0,0.10740677234411802
HESH,125,10,51.0,0.10672878614984409
HESH,125,10,52.0,0.10611286008895485
HESH,125,10,53.0,0.10555331342607803
HESH,125,10,54.0,0.10504498541754312
HESH,125,10,55.0,0.10458318771342928
HESH,125,10,56.0,0.10416366111653871
HESH,125,10,57.0,0.10378253629947987
HESH,125,10,58.0,0.10343629811755115
HESH,125,10,59.0,0.10312175318827985
HESH,125,10,60.0,0.1028360004386
HESH,125,10,61.0,0.10257640434802318
HESH,125,10,62.0,0.102340570641022
HESH,125,10,63.0,0.10212632420443536
HESH,125,10,64.0,0.10193168902622544
HESH,125,10,65.0,0.10175486997056062
HESH,125,10,66.0,0.10159423622113387
HESH,125,10,67.0,0.10144830624001347
HESH,125,10,68.0,0.10131573410330001
HESH,125,10,69.0,0.10119529708756249
HESH,125,10,70.0,0.10108588439256225
HESH,125,10,71.0,0.10098648689625342
HESH,125,10,72.0,0.10089618784756954
HESH,125,10,73.0,0.10081415441115499
HESH,125,10,74.0,0.10073962998605791
HESH,125,10,75.0,0.10067192722753902
HESH,125,10,76.0,0.10061042170763601
HESH,125,10,77.0,0.10055454615601453
HESH,125,10,78.0,0.10050378522798842
HESH,125,10,79.0,0.10045767075145445
HESH,125,10,80.0,0.10041577740890349
HESH,125,10,81.0,0.1003777188146831
HESH,125,10,82.0,0.10034314395133173
HESH,125,10,83.0,0.10031173393211651
HESH,125,10,84.0,0.10028319905991545
HESH,125,10,85.0,0.10025727615531767
HESH,125,10,86.0,0.10023372612929861
HESH,125,10,87.0,0.10021233177808281
HESH,125,10,88.0,0.10019289577985611
HESH,125,10,89.0,0.10017523887485079
HESH,125,10,90.0,0.10015919821201831
HESH,125,10,91.0,0.10014462584704112
HESH,125,10,92.0,0.10013138737783031
HESH,125,10,93.0,0.10011936070492446
HESH,125,10,94.0,0.10010843490535647
HESH,125,10,95.0,0.10009850920960217
HESH,125,10,96.0,0.10008949207217493
HESH,125,10,97.0,0.10008130032729436
HESH,125,10,98.0,0.10007385842184154
HESH,125,10,99.0,0.10006709771852666
HESH,125,10,100.0,0.10006095586284178
HESH,125,10,101.0,0.10005537620796018
HESH,125,10,102.0,0.10005030729227815
HESH,125,10,103.0,0.10004570236478055
HESH,125,10,104.0,0.10004151895385238
HESH,125,10,105.0,0.1000377184755597
HESH,125,10,106.0,0.10003426587778697
HESH,125,10,107.0,0.10003112931694846
HESH,125,10,108.0,0.10002827986429247
HESH,125,10,109.0,0.10002569123908903
HESH,125,10,110.0,0.1000233395662406
HESH,125,10,111.0,0.10002120315608024
HESH,125,10,112.0,0.10001926230432598
HESH,125,10,113.0,0.10001749911034671
HESH,125,10,114.0,0.10001589731206321
HESH,125,10,115.0,0.10001444213596164
HESH,125,10,116.0,0.10001312016083633
HESH,125,10,117.0,0.10001191919400483
HESH,125,10,118.0,0.10001082815885394
HESH,125,10,119.0,0.10000983699267907
HESH,125,10,120.0,0.10000893655387527
HESH,125,10,121.0,0.10000811853762334
HESH,125,10,122.0,0.10000737539929391
HESH,125,10,123.0,0.10000670028486265
HESH,125,10,124.0,0.10000608696769513
HESH,125,10,125.0,0.100005529791118
HESH,125,10,126.0,0.10000502361624708
HESH,125,10,127.0,0.10000456377459101
HESH,125,10,128.0,0.10000414602499338
HESH,125,10,129.0,0.10000376651451622
HESH,125,10,130.0,0.10000342174290398
HESH,125,10,131.0,0.1000031085303005
HESH,125,10,132.0,0.10000282398792086
HESH,125,10,133.0,0.10000256549140792
HESH,125,10,134.0,0.10000233065662763
HESH,125,10,135.0,0.10000211731768001
HESH,125,10,136.0,0.10000192350692289
HESH,125,10,137.0,0.10000174743682409
HESH,125,10,138.0,0.10000158748347504
HESH,125,10,139.0,0.10000144217161318
HESH,125,10,140.0,0.10000131016101557
HESH,125,10,141.0,0.10000119023413791
HESH,125,10,142.0,0.10000108128488498
HESH,125,10,143.0,0.10000098230840912
HESH,125,10,144.0,0.10000089239184237
HESH,125,10,145.0,0.10000081070587703
HESH,125,10,146.0,0.1000007364971169
HESH,125,10,147.0,0.10000066908112865
HESH,125,10,148.0,0.1000006078361292
HESH,125,10,149.0,0.10000055219725104
HESH,125,10,150.0,0.10000050165133235
HESH,125,10,151.0,0.10000045573218405
HESH,125,10,152.0,0.10000041401629017
HESH,125,10,153.0,0.1000003761189017
HESH,125,10,154.0,0.10000034169048795
HESH,125,10,155.0,0.10000031041351294
HESH,125,10,156.0,0.1000002819995066
HESH,125,10,157.0,0.1000002561864043
HESH,125,10,158.0,0.10000023273612971
HESH,125,10,159.0,0.10000021143239908
HESH,125,10,160.0,0.1000001920787264
HESH,125,10,161.0,0.10000017449661118
HESH,125,10,162.0,0.10000015852389219
HESH,125,10,163.0,0.10000014401325175
HESH,125,10,164.0,0.10000013083085704
HESH,125,10,165.0,0.10000011885512582
HESH,125,10,166.0,0.10000010797560493
HESH,125,10,167.0,0.10000009809195169
HESH,125,10,168.0,0.10000008911300838
HESH,125,10,169.0,0.10000008095596148
HESH,125,10,170.0,0.10000007354557788
HESH,125,10,171.0,0.10000006681351105
HESH,125,10,172.0,0.10000006069767058
HESH,125,10,173.0,0.10000005514164959
HESH,125,10,174.0,0.10000005009420443
HESH,125,10,175.0,0.10000004550878214
HESH,125,10,176.0,0.10000004134309098
HESH,125,10,177.0,0.10000003755871048
HESH,125,10,178.0,0.10000003412073696
HESH,125,10,179.0,0.10000003099746173
HESH,125,10,180.0,0.10000002816007857
HESH,125,10,181.0,0.10000002558241808
HESH,125,10,182.0,0.10000002324070627
HESH,125,10,183.0,0.10000002111334536
HESH,125,10,184.0,0.10000001918071451
HESH,125,10,185.0,0.10000001742498893
HESH,125,10,186.0,0.10000001582997543
HESH,125,10,187.0,0.10000001438096305
HESH,125,10,188.0,0.10000001306458745
HESH,125,10,189.0,0.10000001186870758
HESH,125,10,190.0,0.10000001078229376
HESH,125,10,191.0,0.10000000979532589
HESH,125,10,192.0,0.1000000088987011
HESH,125,10,193.0,0.10000000808414973
HESH,125,10,194.0,0.10000000734415913
HESH,125,10,195.0,0.1000000066719043
HESH,125,10,196.0,0.10000000606118498
HESH,125,10,197.0,0.10000000550636845
HESH,125,10,198.0,0.10000000500233759
HESH,125,10,199.0,0.1000000045444437
HESH,125,10,200.0,0.10000000412846358
HESH,125,10,201.0,0.1000000037505606
HESH,125,10,202.0,0.10000000340724935
HESH,125,10,203.0,0.10000000309536343
HESH,125,10,204.0,0.10000000281202628
HESH,125,10,205.0,0.1000000025546247
HESH,125,10,206.0,0.10000000232078461
HESH,125,10,207.0,0.1000000021083493
HESH,125,10,208.0,0.10000000191535949
HESH,125,10,209.0,0.10000000174003516
HESH,125,10,210.0,0.10000000158075933
HESH,125,10,211.0,0.10000000143606298
HESH,125,10,212.0,0.10000000130461154
HESH,125,10,213.0,0.10000000118519264
HESH,125,10,214.0,0.10000000107670487
HESH,125,10,215.0,0.10000000097814762
HESH,125,10,216.0,0.10000000088861193
HESH,125,10,217.0,0.10000000080727195
HESH,125,10,218.0,0.10000000073337752
HESH,125,10,219.0,0.10000000066624709
HESH,125,10,220.0,0.10000000060526151
HESH,125,10,221.0,0.1000000005498583
HESH,125,10,222.0,0.10000000049952648
HESH,125,10,223.0,0.10000000045380183
HESH,125,10,224.0,0.10000000041226263
HESH,125,10,225.0,0.10000000037452578
HESH,125,10,226.0,0.10000000034024319
HESH,125,10,227.0,0.1000000003090987
HESH,125,10,228.0,0.10000000028080504
HESH,125,10,229.0,0.10000000025510128
HESH,125,10,230.0,0.10000000023175033
HESH,125,10,231.0,0.10000000021053683
HESH,125,10,232.0,0.10000000019126513
HESH,125,10,233.0,0.1000000001737575
HESH,125,10,234.0,0.10000000015785243
HESH,125,10,235.0,0.10000000014340325
HESH,125,10,236.0,0.1000000001302767
HESH,125,10,237.0,0.1000000001183517
HESH,125,10,238.0,0.10000000010751825
HESH,125,10,239.0,0.10000000009767647
HESH,125,10,240.0,0.10000000008873555
HESH,125,10,241.0,0.10000000008061306
HESH,125,10,242.0,0.10000000007323406
HESH,125,10,243.0,0.10000000006653051
HESH,125,10,244.0,0.10000000006044057
HESH,125,10,245.0,0.10000000005490808
HESH,125,10,246.0,0.10000000004988202
HESH,125,10,247.0,0.10000000004531602
HESH,125,10,248.0,0.10000000004116798
HESH,125,10,249.0,0.10000000003739963
HESH,125,10,250.0,0.10000000003397622
HESH,125,10,251.0,0.10000000003086618
HESH,125,10,252.0,0.10000000002804081
HESH,125,10,253.0,0.10000000002547406
HESH,125,10,254.0,0.10000000002314227
HESH,125,10,255.0,0.10000000002102392
HESH,125,10,256.0,0.10000000001909948
HESH,125,10,257.0,0.10000000001735118
HESH,125,10,258.0,0.10000000001576292
HESH,125,10,259.0,0.10000000001432005
HESH,125,10,260.0,0.10000000001300925
HESH,125,10,261.0,0.10000000001181844
HESH,125,10,262.0,0.10000000001073663
HESH,125,10,263.0,0.10000000000975384
HESH,125,10,264.0,0.10000000000886101
HESH,125,10,265.0,0.10000000000804991
HESH,125,10,266.0,0.10000000000731306
HESH,125,10,267.0,0.10000000000664365
HESH,125,10,268.0,0.10000000000603551
HESH,125,10,269.0,0.10000000000548305
HESH,125,10,270.0,0.10000000000498116
HESH,125,10,271.0,0.1000000000045252
HESH,125,10,272.0,0.10000000000411098
HESH,125,10,273.0,0.10000000000373468
HESH,125,10,274.0,0.10000000000339282
HESH,125,10,275.0,0.10000000000308226
HESH,125,10,276.0,0.10000000000280013
HESH,125,10,277.0,0.1000000000025438
HESH,125,10,278.0,0.10000000000231096
HESH,125,10,279.0,0.10000000000209942
HESH,125,10,280.0,0.10000000000190726
HESH,125,10,281.0,0.10000000000173268
HESH,125,10,282.0,0.10000000000157407
HESH,125,10,283.0,0.10000000000142999
HESH,125,10,284.0,0.10000000000129909
HESH,125,10,285.0,0.10000000000118017
HESH,125,10,286.0,0.10000000000107215
HESH,125,10,287.0,0.100000000000974
HESH,125,10,288.0,0.10000000000088485
HESH,125,10,289.0,0.10000000000080386
HESH,125,10,290.0,0.10000000000073028
HESH,125,10,291.0,0.10000000000066343
HESH,125,10,292.0,0.1000000000006027
HESH,125,10,293.0,0.10000000000054754
HESH,125,10,294.0,0.10000000000049741
HESH,125,10,295.0,0.10000000000045188
HESH,125,10,296.0,0.10000000000041052
HESH,125,10,297.0,0.10000000000037294
HESH,125,10,298.0,0.1000000000003388
HESH,125,10,299.0,0.1000000000003078
HESH,125,10,300.0,0.10000000000027962
HESH,125,10,301.0,0.10000000000025402
HESH,125,10,302.0,0.10000000000023078
HESH,125,10,303.0,0.10000000000020966
HESH,125,10,304.0,0.10000000000019046
HESH,125,10,305.0,0.10000000000017303
HESH,125,10,306.0,0.10000000000015719
HESH,125,10,307.0,0.10000000000014281
HESH,125,10,308.0,0.10000000000012974
HESH,125,10,309.0,0.10000000000011786
HESH,125,10,310.0,0.10000000000010707
HESH,125,10,311.0,0.10000000000009727
HESH,125,10,312.0,0.10000000000008837
HESH,125,10,313.0,0.10000000000008027
HESH,125,10,314.0,0.10000000000007293
HESH,125,10,315.0,0.10000000000006626
HESH,125,10,316.0,0.1000000000000602
HESH,125,10,317.0,0.10000000000005468
HESH,125,10,318.0,0.10000000000004967
HESH,125,10,319.0,0.10000000000004514
HESH,125,10,320.0,0.100000000000041
HESH,125,10,321.0,0.10000000000003725
HESH,125,10,322.0,0.10000000000003384
HESH,125,10,323.0,0.10000000000003074
HESH,125,10,324.0,0.10000000000002793
HESH,125,10,325.0,0.10000000000002537
HESH,125,10,326.0,0.10000000000002306
HESH,125,10,327.0,0.10000000000002095
HESH,125,10,328.0,0.10000000000001902
HESH,125,10,329.0,0.10000000000001728
HESH,125,10,330.0,0.1000000000000157
HESH,125,10,331.0,0.10000000000001426
HESH,125,10,332.0,0.10000000000001295
HESH,125,10,333.0,0.10000000000001177
HESH,125,10,334.0,0.10000000000001069
HESH,125,10,335.0,0.10000000000000972
HESH,125,10,336.0,0.10000000000000883
HESH,125,10,337.0,0.10000000000000803
HESH,125,10,338.0,0.10000000000000729
HESH,125,10,339.0,0.10000000000000663
HESH,125,10,340.0,0.10000000000000601
HESH,125,10,341.0,0.10000000000000546
HESH,125,10,342.0,0.10000000000000496
HESH,125,10,343.0,0.10000000000000452
HESH,125,10,344.0,0.1000000000000041
HESH,125,10,345.0,0.10000000000000372
HESH,125,10,346.0,0.10000000000000338
HESH,125,10,347.0,0.10000000000000307
HESH,125,10,348.0,0.1000000000000028
HESH,125,10,349.0,0.10000000000000255
HESH,125,10,350.0,0.10000000000000231
HESH,125,10,351.0,0.1000000000000021
HESH,125,10,352.0,0.1000000000000019
HESH,125,10,353.0,0.10000000000000173
HESH,125,10,354.0,0.10000000000000157
HESH,125,10,355.0,0.10000000000000143
HESH,125,10,356.0,0.1000000000000013
HESH,125,10,357.0,0.10000000000000119
HESH,125,10,358.0,0.10000000000000107
HESH,125,10,359.0,0.10000000000000098
HESH,125,10,360.0,0.10000000000000088
HESH,125,10,361.0,0.10000000000000081
HESH,125,10,362.0,0.10000000000000073
HESH,125,10,363.0,0.10000000000000067
HESH,125,10,364.0,0.1000000000000006
HESH,125,10,365.0,0.10000000000000055
HESH,125,10,366.0,0.1000000000000005
HESH,125,10,367.0,0.10000000000000045
HESH,125,10,368.0,0.10000000000000041
HESH,125,10,369.0,0.10000000000000038
HESH,125,10,370.0,0.10000000000000034
HESH,125,10,371.0,0.10000000000000031
HESH,125,10,372.0,0.10000000000000028
HESH,125,10,373.0,0.10000000000000026
HESH,125,10,374.0,0.10000000000000024
HESH,125,10,375.0,0.10000000000000021
HESH,125,10,376.0,0.1000000000000002
HESH,125,10,377.0,0.10000000000000017
HESH,125,10,378.0,0.10000000000000016
HESH,125,10,379.0,0.10000000000000014
HESH,125,10,380.0,0.10000000000000013
HESH,125,10,381.0,0.10000000000000012
HESH,125,10,382.0,0.10000000000000012
HESH,125,10,383.0,0.1000000000000001
HESH,125,10,384.0,0.10000000000000009
HESH,125,10,385.0,0.10000000000000009
HESH,125,10,386.0,0.10000000000000007
HESH,125,10,387.0,0.10000000000000007
HESH,125,10,388.0,0.10000000000000006
HESH,125,10,389.0,0.10000000000000006
HESH,125,10,390.0,0.10000000000000006
HESH,125,10,391.0,0.10000000000000005
HESH,125,10,392.0,0.10000000000000005
HESH,125,10,393.0,0.10000000000000005
HESH,125,10,394.0,0.10000000000000003
HESH,125,10,395.0,0.10000000000000003
HESH,125,10,396.0,0.10000000000000003
HESH,125,10,397.0,0.10000000000000003
HESH,125,10,398.0,0.10000000000000003
HESH,125,10,399.0,0.10000000000000003
HESH,125,10,400.0,0.10000000000000002
HESH,125,10,401.0,0.10000000000000002
HESH,125,10,402.0,0.10000000000000002
HESH,125,10,403.0,0.10000000000000002
HESH,125,10,404.0,0.10000000000000002
HESH,125,10,405.0,0.10000000000000002
HESH,125,10,406.0,0.10000000000000002
HESH,125,10,407.0,0.10000000000000002
HESH,125,10,408.0,0.10000000000000002
HESH,125,10,409.0,0.10000000000000002
HESH,125,10,410.0,0.10000000000000002
HESH,125,10,411.0,0.1
HESH,125,10,412.0,0.1
HESH,125,10,413.0,0.1
HESH,125,10,414.0,0.1
HESH,125,10,415.0,0.1
HESH,125,10,416.0,0.1
HESH,125,10,417.0,0.1
HESH,125,10,418.0,0.1
HESH,125,10,419.0,0.1
HESH,125,10,420.0,0.1
HESH,125,10,421.0,0.1
HESH,125,10,422.0,0.1
HESH,125,10,423.0,0.1
HESH,125,10,424.0,0.1
HESH,125,10,425.0,0.1
HESH,125,10,426.0,0.1
HESH,125,10,427.0,0.1
HESH,125,10,428.0,0.1
HESH,125,10,429.0,0.1
HESH,125,10,430.0,0.1
HESH,125,10,431.0,0.1
HESH,125,10,432.0,0.1
HESH,125,10,433.0,0.1
HESH,125,10,434.0,0.1
HESH,125,10,435.0,0.1
HESH,125,10,436.0,0.1
HESH,125,10,437.0,0.1
HESH,125,10,438.0,0.1
HESH,125,10,439.0,0.1
HESH,125,10,440.0,0.1
HESH,125,10,441.0,0.1
HESH,125,10,442.0,0.1
HESH,125,10,443.0,0.1
HESH,125,10,444.0,0.1
HESH,125,10,445.0,0.1
HESH,125,10,446.0,0.1
HESH,125,10,447.0,0.1
HESH,125,10,448.0,0.1
HESH,125,10,449.0,0.1
HESH,125,10,450.0,0.1
HESH,125,10,451.0,0.1
HESH,125,10,452.0,0.1
HESH,125,10,453.0,0.1
HESH,125,10,454.0,0.1
HESH,125,10,455.0,0.1
HESH,125,10,456.0,0.1
HESH,125,10,457.0,0.1
HESH,125,10,458.0,0.1
HESH,125,10,459.0,0.1
HESH,125,10,460.0,0.1
HESH,125,10,461.0,0.1
HESH,125,10,462.0,0.1
HESH,125,10,463.0,0.1
HESH,125,10,464.0,0.1
HESH,125,10,465.0,0.1
HESH,125,10,466.0,0.1
HESH,125,10,467.0,0.1
HESH,125,10,468.0,0.1
HESH,125,10,469.0,0.1
HESH,125,10,470.0,0.1
HESH,125,10,471.0,0.1
HESH,125,10,472.0,0.1
HESH,125,10,473.0,0.1
HESH,125,10,474.0,0.1
HESH,125,10,475.0,0.1
HESH,125,10,476.0,0.1
HESH,125,10,477.0,0.1
HESH,125,10,478.0,0.1
HESH,125,10,479.0,0.1
HESH,125,10,480.0,0.1
HESH,125,10,481.0,0.1
HESH,125,10,482.0,0.1
HESH,125,10,483.0,0.1
HESH,125,10,484.0,0.1
HESH,125,10,485.0,0.1
HESH,125,10,486.0,0.1
HESH,125,10,487.0,0.1
HESH,125,10,488.0,0.1
HESH,125,10,489.0,0.1
HESH,125,10,490.0,0.1
HESH,125,10,491.0,0.1
HESH,125,10,492.0,0.1
HESH,125,10,493.0,0.1
HESH,125,10,494.0,0.1
HESH,125,10,495.0,0.1
HESH,125,10,496.0,0.1
HESH,125,10,497.0,0.1
HESH,125,10,498.0,0.1
HESH,125,10,499.0,0.1
HESH,125,10,500.0,0.1
